<?xml version="1.0" encoding="utf-8" ?>
<Defs>
	<!-- ############# Power ############# -->

	<DesignatorDropdownGroupDef> 
		<defName>PatchPack_FuseGroup</defName>
	</DesignatorDropdownGroupDef>
	
	<DesignatorDropdownGroupDef> 
		<defName>PatchPack_Switches</defName>
	</DesignatorDropdownGroupDef>
	
	<DesignatorDropdownGroupDef> 
		<defName>PowerConduits</defName> <!-- Same as Underground Power Conduits -->
	</DesignatorDropdownGroupDef>
	
	<DesignatorDropdownGroupDef> 
		<defName>PRF_BatteryGroup</defName> <!-- Borrowing tim factory def -->
	</DesignatorDropdownGroupDef>
	
	<!-- ####### Generators ####### -->
	
	<DesignatorDropdownGroupDef> 
		<defName>PatchPack_Power_Solar</defName>
	</DesignatorDropdownGroupDef>
	
	<DesignatorDropdownGroupDef> 
		<defName>PatchPack_Power_Wind</defName>
	</DesignatorDropdownGroupDef>
	
	<DesignatorDropdownGroupDef> 
		<defName>PatchPack_Power_Water_Mill</defName>
	</DesignatorDropdownGroupDef>
	
	<DesignatorDropdownGroupDef> 
		<defName>PatchPack_Power_Geo_Thermal</defName>
	</DesignatorDropdownGroupDef>
	
	<DesignatorDropdownGroupDef> 
		<defName>PatchPack_Power_Generator_Chem</defName>
	</DesignatorDropdownGroupDef>
	
	<DesignatorDropdownGroupDef> 
		<defName>PatchPack_Power_Generator_Wood</defName>
	</DesignatorDropdownGroupDef>
	
	<!-- ############ Powerpp ############ -->
	
	<DesignatorDropdownGroupDef> 
		<defName>PatchPack_WPN_Receiver</defName>
	</DesignatorDropdownGroupDef>
	
	<DesignatorDropdownGroupDef> 
		<defName>PatchPack_WPN_Emitter</defName>
	</DesignatorDropdownGroupDef>
	
	<DesignatorDropdownGroupDef> 
		<defName>PatchPack_LWPN_Emitter</defName>
	</DesignatorDropdownGroupDef>
	
	<!-- ############ Vanilla Power ############ -->
	
	<DesignatorDropdownGroupDef> 
		<defName>PatchPack_Power_Helixien_Gas_Pipes</defName>
	</DesignatorDropdownGroupDef>
	
	<DesignatorDropdownGroupDef> 
		<defName>PatchPack_Power_Helixien_Gas_Generators</defName>
	</DesignatorDropdownGroupDef>

	<!-- ############ Farming ############ -->

	<DesignatorDropdownGroupDef> 
		<defName>PatchPack_Farming_Hydroponics</defName>
	</DesignatorDropdownGroupDef>
	
	<DesignatorDropdownGroupDef> 
		<defName>PatchPack_Farming_Ecosystems</defName>
	</DesignatorDropdownGroupDef>
	
	<!-- Building Groups -->

	<DesignatorDropdownGroupDef>    
		<defName>PatchPack_RecreationTVGroup</defName>
	</DesignatorDropdownGroupDef>
  
	<DesignatorDropdownGroupDef>    
		<defName>PatchPack_RecreationRadioGroup</defName>
	</DesignatorDropdownGroupDef>
	
	<DesignatorDropdownGroupDef>    
		<defName>PatchPack_SecurityIEDGroup</defName>
	</DesignatorDropdownGroupDef>
	
	<DesignatorDropdownGroupDef>
		<defName>PatchPack_Pod_Launcher</defName>
	</DesignatorDropdownGroupDef>
	
	<DesignatorDropdownGroupDef>
		<defName>PatchPack_Disco</defName>
	</DesignatorDropdownGroupDef>
	
	<!-- Floor Groups -->
	
	<DesignatorDropdownGroupDef>   
		<defName>PatchPack_DirtGroup</defName>
	</DesignatorDropdownGroupDef>
  
	<DesignatorDropdownGroupDef>  
		<defName>PatchPack_AsphaltGroup</defName>
	</DesignatorDropdownGroupDef>

	<!-- Holodeck Group -->
	
	<DesignatorDropdownGroupDef>  
		<defName>PatchPack_HolodeckGroup</defName>
	</DesignatorDropdownGroupDef>
	
	<!-- TorchLamp Group -->
	
	<DesignatorDropdownGroupDef>   
		<defName>PatchPack_TorchLampGroup</defName>
	</DesignatorDropdownGroupDef>

	<!-- Lamp Group -->
	
	<DesignatorDropdownGroupDef>  
		<defName>PatchPack_LampGroup</defName>
	</DesignatorDropdownGroupDef>
	
	<DesignatorDropdownGroupDef>   
		<defName>PatchPack_Sun_LampGroup</defName>
	</DesignatorDropdownGroupDef>
	
	<DesignatorDropdownGroupDef>   
		<defName>MURWallLights</defName> <!-- Borrowing wall light group -->
	</DesignatorDropdownGroupDef>
	
	<!-- Linkable Groups -->
	
	<DesignatorDropdownGroupDef>    
		<defName>PatchPack_ToolCabinetGroup</defName>
	</DesignatorDropdownGroupDef>
	
	<DesignatorDropdownGroupDef>   
		<defName>PatchPack_MultiAnalyzerGroup</defName>
	</DesignatorDropdownGroupDef>
	
	<!-- Turret Groups -->
	
	<DesignatorDropdownGroupDef>    
		<defName>PatchPack_AutoCannonGroup</defName>
	</DesignatorDropdownGroupDef>
	
	<!-- Misc Groups -->
	
	<DesignatorDropdownGroupDef>    
		<defName>PatchPack_ShieldProjectorGroup</defName>
	</DesignatorDropdownGroupDef>
	
	<DesignatorDropdownGroupDef>    
		<defName>PatchPack_MedicalMatGroup</defName>
	</DesignatorDropdownGroupDef>
	
	<DesignatorDropdownGroupDef>    
		<defName>PatchPack_FirePopperGroup</defName>
	</DesignatorDropdownGroupDef>
	
	<DesignatorDropdownGroupDef>   
		<defName>PatchPack_LifeSupportGroup</defName>
	</DesignatorDropdownGroupDef>
	
	<DesignatorDropdownGroupDef>    
		<defName>PatchPack_CryoPodsGroup</defName>
	</DesignatorDropdownGroupDef>
	
	<DesignatorDropdownGroupDef>    
		<defName>PatchPack_Comms_Trade</defName>
	</DesignatorDropdownGroupDef>
	
	<DesignatorDropdownGroupDef>    
		<defName>PatchPack_Scanners</defName>
	</DesignatorDropdownGroupDef>
	
	<DesignatorDropdownGroupDef>    
		<defName>PatchPack_Surgical_Tools</defName>
	</DesignatorDropdownGroupDef>
	
	<DesignatorDropdownGroupDef>    
		<defName>PatchPack_Graves</defName>
	</DesignatorDropdownGroupDef>
	
	<!-- ############ Production ############ -->
	
	<DesignatorDropdownGroupDef>    
		<defName>PatchPack_Smithing</defName>
	</DesignatorDropdownGroupDef>
	
	<DesignatorDropdownGroupDef>    
		<defName>PatchPack_Machining</defName>
	</DesignatorDropdownGroupDef>
	
	<DesignatorDropdownGroupDef>    
		<defName>PatchPack_Cooking</defName>
	</DesignatorDropdownGroupDef>
	
	<DesignatorDropdownGroupDef>    
		<defName>PatchPack_Smelting</defName>
	</DesignatorDropdownGroupDef>
	
	<DesignatorDropdownGroupDef>    
		<defName>PatchPack_Barrels</defName>
	</DesignatorDropdownGroupDef>
	
	<DesignatorDropdownGroupDef>    
		<defName>PatchPack_Fabrication</defName>
	</DesignatorDropdownGroupDef>
	
	<DesignatorDropdownGroupDef>    
		<defName>PatchPack_Servers</defName>
	</DesignatorDropdownGroupDef>
	
	<DesignatorDropdownGroupDef>    
		<defName>PatchPack_Drills</defName>
	</DesignatorDropdownGroupDef>
	
	<DesignatorDropdownGroupDef>    
		<defName>PatchPack_Writing_Tables</defName>
	</DesignatorDropdownGroupDef>
	
	<DesignatorDropdownGroupDef>    
		<defName>PatchPack_Refinery</defName>
	</DesignatorDropdownGroupDef>
	
	<!-- ############ Temperature ############ -->
	
	<DesignatorDropdownGroupDef>    
		<defName>PatchPack_Coolers</defName>
	</DesignatorDropdownGroupDef>
	
	<DesignatorDropdownGroupDef>    
		<defName>PatchPack_Heaters</defName>
	</DesignatorDropdownGroupDef>
	
	<DesignatorDropdownGroupDef>    
		<defName>PatchPack_Vents</defName>
	</DesignatorDropdownGroupDef>
	
	<DesignatorDropdownGroupDef>    
		<defName>PatchPack_Boilers</defName>
	</DesignatorDropdownGroupDef>
	
	<DesignatorDropdownGroupDef>    
		<defName>PatchPack_Thermometers</defName>
	</DesignatorDropdownGroupDef>
</Defs>