<?xml version="1.0" encoding="utf-8" ?>
<Patch>
	<Operation Class="XmlExtensions.OptionalPatch">
		<modId>NiilosQoL</modId>
		<key>NiilosQoL_Settings_ReOrder_Architect</key>
		<!--By default, apply the patch-->
		<defaultValue>true</defaultValue>
		<caseTrue>
		<!-- ###################################### Orders and Zone ###################################### -->
		<!-- ###################################### Blueprints and Structure ###################################### -->
			<Operation Class="PatchOperationFindMod">
				<mods>
					<li>Blueprints</li>
				</mods>
				<match Class="PatchOperationSequence">
					<operations>
						<li Class="XmlExtensions.PatchOperationReplace">
							<xpath>/Defs/DesignationCategoryDef[defName="Blueprints"]/order</xpath>
							<value>
								<order>750</order>
							</value>
						</li>
					</operations>
				</match>
				<nomatch Class="XmlExtensions.OptionalPatch">
					<modId>NiilosQoL</modId>
					<key>NiilosQoL_Settings_Blank_Tabs_Setting</key>
					<defaultValue>false</defaultValue>
						<caseTrue>
							<Operation Class="PatchOperationAdd"> <!-- Blank tab -->
								<xpath>/Defs</xpath>
								<value>
									<DesignationCategoryDef>
										<defName>NQoL_Blank_1</defName>
										<label>...</label>
										<description>Blank tab.</description>
										<order>750</order>
										<specialDesignatorClasses>
											<li>Designator_Cancel</li>
											<li>Designator_Deconstruct</li>
										</specialDesignatorClasses>
									</DesignationCategoryDef>
								</value>
							</Operation>
						</caseTrue>
				</nomatch>
			</Operation>
		
			<!-- ###################################### Storage and Production ###################################### -->
		
			<Operation Class="PatchOperationFindMod">
				<mods>
					<li>LWM's Deep Storage</li>
				</mods>
				<match Class="PatchOperationSequence">
					<operations>
						<li Class="XmlExtensions.PatchOperationReplace">
							<xpath>/Defs/DesignationCategoryDef[defName="LWM_DS_Storage"]/order</xpath>
							<value>
								<order>650</order>
							</value>
						</li>
					</operations>
				</match>
				<nomatch Class="XmlExtensions.OptionalPatch">
					<modId>NiilosQoL</modId>
					<key>NiilosQoL_Settings_Blank_Tabs_Setting</key>
					<defaultValue>false</defaultValue>
						<caseTrue>
							<Operation Class="PatchOperationAdd"> <!-- Blank tab -->
								<xpath>/Defs</xpath>
								<value>
									<DesignationCategoryDef>
										<defName>NQoL_Blank_2</defName>
										<label>...</label>
										<description>Blank tab.</description>
										<order>650</order>
										<specialDesignatorClasses>
											<li>Designator_Cancel</li>
											<li>Designator_Deconstruct</li>
										</specialDesignatorClasses>
									</DesignationCategoryDef>
								</value>
							</Operation>
						</caseTrue>
				</nomatch>
			</Operation>
			
			<!-- ###################################### Furniture and Power ###################################### -->
			
			<Operation Class="PatchOperationReplace">
				<xpath>/Defs/DesignationCategoryDef[defName="Furniture"]/order</xpath>
					<value>
						<order>550</order>
					</value>
			</Operation>
			
			<Operation Class="PatchOperationReplace">
				<xpath>/Defs/DesignationCategoryDef[defName="Power"]/order</xpath>
					<value>
						<order>500</order>
					</value>
			</Operation>
			
			<!-- ###################################### Furniture Expanded and Logic ###################################### -->
			
			<Operation Class="PatchOperationFindMod">
				<mods>
					<li>Vanilla Furniture Expanded</li>
				</mods>
				<match Class="PatchOperationSequence">
					<operations>
						<li Class="XmlExtensions.PatchOperationReplace">
							<xpath>/Defs/DesignationCategoryDef[defName="AOMorefurniture"]/order</xpath>
							<value>
								<order>450</order>
							</value>
						</li>
					</operations>
				</match>
				<nomatch Class="PatchOperationSequence">	
					<operations>
						<li Class="PatchOperationFindMod">
							<mods>
								<li>Power Logic</li>
							</mods>	
							<match Class="XmlExtensions.OptionalPatch">
								<modId>NiilosQoL</modId>
								<key>NiilosQoL_Settings_Blank_Tabs_Setting</key>
								<defaultValue>false</defaultValue>
								<caseTrue>
									<li Class="PatchOperationAdd"> <!-- Blank tab -->
								<xpath>/Defs</xpath>
									<value>
										<DesignationCategoryDef>
											<defName>NQoL_Blank_3</defName>
											<label>...</label>
											<description>Blank tab.</description>
											<order>450</order>
											<specialDesignatorClasses>
												<li>Designator_Cancel</li>
												<li>Designator_Deconstruct</li>
											</specialDesignatorClasses>
										</DesignationCategoryDef>
									</value>
									</li>
								</caseTrue>
							</match>
						</li>
					</operations>
				</nomatch>
			</Operation>
			
			<Operation Class="PatchOperationFindMod">
				<mods>
					<li>Power Logic</li>
				</mods>
				<nomatch Class="PatchOperationSequence">	
					<operations>
						<li Class="PatchOperationFindMod">
							<mods>
								<li>Vanilla Furniture Expanded</li>
							</mods>	
							<match Class="XmlExtensions.OptionalPatch">
								<modId>NiilosQoL</modId>
								<key>NiilosQoL_Settings_Blank_Tabs_Setting</key>
								<defaultValue>false</defaultValue>
								<caseTrue>
									<li Class="PatchOperationAdd"> <!-- Blank tab -->
										<xpath>/Defs</xpath>
										<value>
											<DesignationCategoryDef>
												<defName>NQoL_Blank_4</defName>
												<label>...</label>
												<description>Blank tab.</description>
												<order>400</order>
												<specialDesignatorClasses>
													<li>Designator_Cancel</li>
													<li>Designator_Deconstruct</li>
												</specialDesignatorClasses>
											</DesignationCategoryDef>
										</value>
									</li>
								</caseTrue>
							</match>
						</li>
					</operations>
				</nomatch>
			</Operation>
			
			<!-- ###################################### Joy and Temperature ###################################### -->
			
			<Operation Class="PatchOperationReplace">
				<xpath>/Defs/DesignationCategoryDef[defName="Joy"]/order</xpath>
				<value>
					<order>350</order>
				</value>
			</Operation>
			
			<Operation Class="PatchOperationReplace">
				<xpath>/Defs/DesignationCategoryDef[defName="Temperature"]/order</xpath>
				<value>
					<order>300</order>
				</value>
			</Operation>
			
			<!-- ###################################### Insulation and Blank ###################################### -->	
			
			<Operation Class="PatchOperationFindMod">
				<mods>
					<li>Insulation (Continued)</li>
					<li>Insulation</li>
				</mods>
				<match Class="PatchOperationSequence">
					<operations>
						<li Class="XmlExtensions.PatchOperationReplace">
							<xpath>/Defs/DesignationCategoryDef[defName="Insulation_Desig"]/order</xpath>
							<value>
								<order>260</order>
							</value>
						</li>
					</operations>
				</match>
				<nomatch Class="PatchOperationSequence">	
					<operations>
						<li Class="XmlExtensions.OptionalPatch">
							<modId>NiilosQoL</modId>
							<key>NiilosQoL_Settings_Medical_Tab</key>
							<defaultValue>false</defaultValue>
							<caseTrue>
								<li Class="XmlExtensions.OptionalPatch">
									<modId>NiilosQoL</modId>
									<key>NiilosQoL_Settings_Blank_Tabs_Setting</key>
									<defaultValue>false</defaultValue>
									<caseTrue>
										<li Class="PatchOperationAdd"> <!-- Blank tab -->
											<xpath>/Defs</xpath>
											<value>
												<DesignationCategoryDef>
													<defName>NQoL_Blank_6</defName>
													<label>...</label>
													<description>Blank tab.</description>
													<order>260</order>
													<specialDesignatorClasses>
														<li>Designator_Cancel</li>
														<li>Designator_Deconstruct</li>
													</specialDesignatorClasses>
												</DesignationCategoryDef>
											</value>
										</li>
									</caseTrue>
								</li>
							</caseTrue>
						</li>
					</operations>
				</nomatch>
			</Operation>
			
			<!-- ###################################### Hygiene and Security ###################################### -->
			
			<Operation Class="PatchOperationFindMod">
				<mods>
					<li>Dubs Bad Hygiene</li>
					<li>Dub's Bad Hygiene</li>
					<li>Dubs Hygiene</li>
					<li>Dub's Hygiene</li>
				</mods>
				<match Class="PatchOperationSequence">
					<operations>
						<li Class="XmlExtensions.PatchOperationReplace">
							<xpath>/Defs/DesignationCategoryDef[defName="Hygiene"]/order</xpath>
							<value>
								<order>250</order>
							</value>
						</li>
					</operations>
				</match>
				<nomatch Class="PatchOperationSequence">	
					<operations>
						<li Class="PatchOperationFindMod">
							<mods>
								<li>Core</li>
							</mods>	
							<match Class="XmlExtensions.OptionalPatch">
								<modId>NiilosQoL</modId>
								<key>NiilosQoL_Settings_Blank_Tabs_Setting</key>
								<defaultValue>false</defaultValue>
								<caseTrue>
									<li Class="PatchOperationAdd"> <!-- Blank tab -->
										<xpath>/Defs</xpath>
										<value>
											<DesignationCategoryDef>
												<defName>NQoL_Blank_7</defName>
												<label>...</label>
												<description>Blank tab.</description>
												<order>250</order>
												<specialDesignatorClasses>
													<li>Designator_Cancel</li>
													<li>Designator_Deconstruct</li>
												</specialDesignatorClasses>
											</DesignationCategoryDef>
										</value>
									</li>
								</caseTrue>
							</match>
						</li>
					</operations>
				</nomatch>
			</Operation>
			
			<Operation Class="PatchOperationReplace">
				<xpath>/Defs/DesignationCategoryDef[defName="Security"]/order</xpath>
				<value>
					<order>200</order>
				</value>
			</Operation>
			
			<!-- ###################################### Rimefeller and factory ###################################### -->
			
			<Operation Class="PatchOperationFindMod">
				<mods>
					<li>Rimefeller</li>
					<li>Dubs Rimefeller</li>
					<li>Dub's Rimefeller</li>
				</mods>
				<match Class="PatchOperationSequence">
					<operations>
						<li Class="XmlExtensions.PatchOperationReplace">
							<xpath>/Defs/DesignationCategoryDef[defName="Rimefeller"]/order</xpath>
							<value>
								<order>150</order>
							</value>
						</li><!--
						<li Class="XmlExtensions.Log">
							<text>Patched Rimefeller Tab</text>
							<xpath>/Defs/DesignationCategoryDef[defName="Rimefeller"]/order</xpath>
						</li> -->
					</operations>
				</match>
				<nomatch Class="PatchOperationSequence">	
					<operations>
						<li Class="PatchOperationFindMod">
							<mods>
								<li>Project RimFactory Revived</li>
								<li>Project RimFactory</li>
							</mods>	
							<match Class="XmlExtensions.OptionalPatch">
								<modId>NiilosQoL</modId>
								<key>NiilosQoL_Settings_Blank_Tabs_Setting</key>
								<defaultValue>false</defaultValue>
								<caseTrue>
									<li Class="PatchOperationAdd"> <!-- Blank tab -->
										<xpath>/Defs</xpath>
										<value>
											<DesignationCategoryDef>
												<defName>NQoL_Blank_8</defName>
												<label>...</label>
												<description>Blank tab.</description>
												<order>150</order>
												<specialDesignatorClasses>
													<li>Designator_Cancel</li>
													<li>Designator_Deconstruct</li>
												</specialDesignatorClasses>
											</DesignationCategoryDef>
										</value>
									</li>
								</caseTrue>
							</match>
						</li>
					</operations>
				</nomatch>
			</Operation>
			
			<Operation Class="PatchOperationFindMod">
				<mods>
					<li>Project RimFactory Revived</li>
					<li>Project RimFactory</li>
				</mods>
				<match Class="PatchOperationSequence">
					<operations>
						<li Class="PatchOperationReplace">
							<xpath>/Defs/DesignationCategoryDef[defName="Industrial"]/order</xpath>
							<value>
								<order>100</order>
							</value>
						</li><!--
						<li Class="XmlExtensions.Log">
							<text>Patched Industrial Tab</text>
							<xpath>/Defs/DesignationCategoryDef[defName="Industrial"]/order</xpath>
						</li>-->
					</operations>
				</match>
				<nomatch Class="PatchOperationSequence">	
					<operations>
						<li Class="PatchOperationFindMod">
							<mods>
								<li>Rimefeller</li>
							</mods>	
							<match Class="XmlExtensions.OptionalPatch">
								<modId>NiilosQoL</modId>
								<key>NiilosQoL_Settings_Blank_Tabs_Setting</key>
								<defaultValue>false</defaultValue>
								<caseTrue>
									<li Class="PatchOperationAdd"> <!-- Blank tab -->
										<xpath>/Defs</xpath>
										<value>
											<DesignationCategoryDef>
												<defName>NQoL_Blank_9</defName>
												<label>...</label>
												<description>Blank tab.</description>
												<order>100</order>
												<specialDesignatorClasses>
													<li>Designator_Cancel</li>
													<li>Designator_Deconstruct</li>
												</specialDesignatorClasses>
											</DesignationCategoryDef>
										</value>
									</li>
								</caseTrue>
							</match>
						</li>
					</operations>
				</nomatch>
			</Operation>
			
			<!-- ###################################### Rimatomics and Floors ###################################### -->
			
			<Operation Class="PatchOperationFindMod">
				<mods>
					<li>Dubs Rimatomics</li>
					<li>Dub's Rimatomics</li>
					<li>Rimatomics</li>
				</mods>
				<match Class="PatchOperationSequence">
					<operations>
						<li Class="PatchOperationReplace">
							<xpath>/Defs/DesignationCategoryDef[defName="Rimatomics"]/order</xpath>
							<value>
								<order>90</order>
							</value>
						</li> <!--
						<li Class="XmlExtensions.Log">
							<text>Patched Rimatomics Tab</text>
							<xpath>/Defs/DesignationCategoryDef[defName="Rimatomics"]/order</xpath>
						</li> -->
					</operations>
				</match>
				<nomatch Class="PatchOperationSequence">	
					<operations>
						<li Class="PatchOperationFindMod">
							<mods>
								<li>Core</li>
							</mods>	
							<match Class="XmlExtensions.OptionalPatch">
								<modId>NiilosQoL</modId>
								<key>NiilosQoL_Settings_Blank_Tabs_Setting</key>
								<defaultValue>false</defaultValue>
								<caseTrue>
									<li Class="PatchOperationAdd"> <!-- Blank tab -->
										<xpath>/Defs</xpath>
										<value>
											<DesignationCategoryDef>
												<defName>NQoL_Blank_10</defName>
												<label>...</label>
												<description>Blank tab.</description>
												<order>90</order>
												<specialDesignatorClasses>
													<li>Designator_Cancel</li>
													<li>Designator_Deconstruct</li>
												</specialDesignatorClasses>
											</DesignationCategoryDef>
										</value>
									</li>
								</caseTrue>
							</match>
						</li>
					</operations>
				</nomatch>
			</Operation>
			
			<Operation Class="PatchOperationReplace">
				<xpath>/Defs/DesignationCategoryDef[defName="Floors"]/order</xpath>
				<value>
					<order>80</order>
				</value>
			</Operation>
			
			<!-- ###################################### Props and Ship ###################################### -->
			
			<Operation Class="PatchOperationReplace">
				<xpath>/Defs/DesignationCategoryDef[defName="Ship"]/order</xpath>
				<value>
					<order>70</order>
				</value>
			</Operation>
			
			<Operation Class="PatchOperationFindMod">
				<mods>
					<li>Vanilla Furniture Expanded - Props and Decor</li>
				</mods>
				<match Class="PatchOperationSequence">
					<operations>
						<li Class="PatchOperationReplace">
							<xpath>/Defs/DesignationCategoryDef[defName="PropsandDecor"]/order</xpath>
							<value>
								<order>60</order>
							</value>
						</li>
					</operations>
				</match>
				<nomatch Class="PatchOperationSequence">	
					<operations>
						<li Class="PatchOperationFindMod">
							<mods>
								<li>Core</li>
							</mods>	
							<match Class="XmlExtensions.OptionalPatch">
								<modId>NiilosQoL</modId>
								<key>NiilosQoL_Settings_Blank_Tabs_Setting</key>
								<defaultValue>false</defaultValue>
								<caseTrue>
									<li Class="XmlExtensions.OptionalPatch">
										<modId>NiilosQoL</modId>
										<key>NiilosQoL_Settings_Debug</key>
										<defaultValue>false</defaultValue>
										<caseTrue>
											<li Class="PatchOperationAdd"> <!-- Blank tab -->
												<xpath>/Defs</xpath>
												<value>
													<DesignationCategoryDef>
														<defName>NQoL_Blank_11</defName>
														<label>...Props</label>
														<description>Blank tab.</description>
														<order>60</order>
														<specialDesignatorClasses>
															<li>Designator_Cancel</li>
															<li>Designator_Deconstruct</li>
														</specialDesignatorClasses>
													</DesignationCategoryDef>
												</value>
											</li>
										</caseTrue>
										<caseFalse>
											<li Class="PatchOperationAdd"> <!-- Blank tab -->
												<xpath>/Defs</xpath>
												<value>
													<DesignationCategoryDef>
														<defName>NQoL_Blank_11</defName>
														<label>...</label>
														<description>Blank tab.</description>
														<order>60</order>
														<specialDesignatorClasses>
															<li>Designator_Cancel</li>
															<li>Designator_Deconstruct</li>
														</specialDesignatorClasses>
													</DesignationCategoryDef>
												</value>
											</li>
										</caseFalse>
									</li>
								</caseTrue>
							</match>
						</li>
					</operations>
				</nomatch>
			</Operation>
			
			<!-- ###################################### Android Tiers and Mechanoids ###################################### -->
			
			<Operation Class="PatchOperationFindMod">
				<mods>
					<li>What the hack?!</li>
				</mods>
				<match Class="PatchOperationSequence">
					<operations>
						<li Class="PatchOperationReplace">
							<xpath>/Defs/DesignationCategoryDef[defName="WTH_Hacking"]/order</xpath>
							<value>
								<order>59</order>
							</value>
						</li>
					</operations>
				</match>
				<nomatch Class="PatchOperationSequence">	
					<operations>
						<li Class="PatchOperationFindMod">
							<mods>
								<li>Android tiers</li>
							</mods>	
							<match Class="XmlExtensions.OptionalPatch">
								<modId>NiilosQoL</modId>
								<key>NiilosQoL_Settings_Blank_Tabs_Setting</key>
								<defaultValue>false</defaultValue>
								<caseTrue>
									<li Class="XmlExtensions.OptionalPatch">
										<modId>NiilosQoL</modId>
										<key>NiilosQoL_Settings_Debug</key>
										<defaultValue>false</defaultValue>
										<caseTrue>
											<li Class="PatchOperationAdd"> <!-- Blank tab -->
												<xpath>/Defs</xpath>
												<value>
													<DesignationCategoryDef>
														<defName>NQoL_Blank_12</defName>
														<label>...Androids</label>
														<description>Blank tab.</description>
														<order>59</order>
														<specialDesignatorClasses>
															<li>Designator_Cancel</li>
															<li>Designator_Deconstruct</li>
														</specialDesignatorClasses>
													</DesignationCategoryDef>
												</value>
											</li>
										</caseTrue>
										<caseFalse>
											<li Class="PatchOperationAdd"> <!-- Blank tab -->
												<xpath>/Defs</xpath>
												<value>
													<DesignationCategoryDef>
														<defName>NQoL_Blank_12</defName>
														<label>...</label>
														<description>Blank tab.</description>
														<order>59</order>
														<specialDesignatorClasses>
															<li>Designator_Cancel</li>
															<li>Designator_Deconstruct</li>
														</specialDesignatorClasses>
													</DesignationCategoryDef>
												</value>
											</li>
										</caseFalse>
									</li>
								</caseTrue>
							</match>
						</li>
					</operations>
				</nomatch>
			</Operation>
				
			<Operation Class="PatchOperationFindMod"> <!-- if tiers  is loaded -->
				<mods>
					<li>Android tiers</li>
				</mods>
				<match Class="PatchOperationSequence"> <!-- Re order it -->
					<operations>
						<li Class="PatchOperationReplace">
							<xpath>/Defs/DesignationCategoryDef[defName="ATPP_DesignationAndroidTiers"]/order</xpath>
							<value>
								<order>58</order>
							</value>
						</li>
					</operations>
				</match>
				<nomatch Class="PatchOperationSequence"> <!-- if tiers is not loaded -->
					<operations>
						<li Class="PatchOperationFindMod">
							<mods>
								<li>What the hack?!</li>
							</mods>	
							<match Class="XmlExtensions.OptionalPatch"> <!-- if what the hack is loaded--> <!-- If Blank tabs are enabled -->
								<modId>NiilosQoL</modId>
								<key>NiilosQoL_Settings_Blank_Tabs_Setting</key>
								<defaultValue>false</defaultValue>
								<caseTrue>
									<li Class="XmlExtensions.OptionalPatch">
										<modId>NiilosQoL</modId>
										<key>NiilosQoL_Settings_Debug</key>
										<defaultValue>false</defaultValue>
										<caseTrue>
											<li Class="PatchOperationAdd"> <!-- Blank tab -->
												<xpath>/Defs</xpath>
												<value>
													<DesignationCategoryDef>
														<defName>NQoL_Blank_13</defName>
														<label>...Hacking</label>
														<description>Blank tab.</description>
														<order>58</order>
														<specialDesignatorClasses>
															<li>Designator_Cancel</li>
															<li>Designator_Deconstruct</li>
														</specialDesignatorClasses>
													</DesignationCategoryDef>
												</value>
											</li>
										</caseTrue>
										<caseFalse>
											<li Class="PatchOperationAdd"> <!-- Blank tab -->
												<xpath>/Defs</xpath>
												<value>
													<DesignationCategoryDef>
														<defName>NQoL_Blank_13</defName>
														<label>...</label>
														<description>Blank tab.</description>
														<order>58</order>
														<specialDesignatorClasses>
															<li>Designator_Cancel</li>
															<li>Designator_Deconstruct</li>
														</specialDesignatorClasses>
													</DesignationCategoryDef>
												</value>
											</li>
										</caseFalse>
									</li>
								</caseTrue>
							</match>
						</li>
					</operations>
				</nomatch>
			</Operation>
			
			<!-- ###################################### Planning and blank ###################################### -->
			
			<Operation Class="PatchOperationFindMod">
				<mods>
					<li>More Planning 1.3</li>
					<li>More Planning 1.4</li>
					<li>More Planning 1.5</li>
					<li>More Planning</li>
				</mods>
				<match Class="PatchOperationSequence">
					<operations>
						<li Class="PatchOperationReplace">
							<xpath>/Defs/DesignationCategoryDef[defName="Planning"]/order</xpath>
							<value>
								<order>52</order>
							</value>
						</li>
						<li Class="XmlExtensions.OptionalPatch">
							<modId>NiilosQoL</modId>
							<key>NiilosQoL_Settings_Blank_Tabs_Setting</key>
							<defaultValue>false</defaultValue>
							<caseTrue>
								<li Class="XmlExtensions.OptionalPatch">
									<modId>NiilosQoL</modId>
									<key>NiilosQoL_Settings_Debug</key>
									<defaultValue>false</defaultValue>
									<caseTrue>
										<li Class="PatchOperationAdd"> <!-- Blank tab -->
											<xpath>/Defs</xpath>
											<value>
												<DesignationCategoryDef>
													<defName>NQoL_Blank_14</defName>
													<label>...Blank</label>
													<description>Blank tab.</description>
													<order>53</order>
													<specialDesignatorClasses>
														<li>Designator_Cancel</li>
														<li>Designator_Deconstruct</li>
													</specialDesignatorClasses>
												</DesignationCategoryDef>
											</value>
										</li>
									</caseTrue>
									<caseFalse>
										<li Class="PatchOperationAdd"> <!-- Blank tab -->
											<xpath>/Defs</xpath>
											<value>
												<DesignationCategoryDef>
													<defName>NQoL_Blank_14</defName>
													<label>...</label>
													<description>Blank tab.</description>
													<order>53</order>
													<specialDesignatorClasses>
														<li>Designator_Cancel</li>
														<li>Designator_Deconstruct</li>
													</specialDesignatorClasses>
												</DesignationCategoryDef>
											</value>
										</li>
									</caseFalse>
								</li>
							</caseTrue>
						</li>
					</operations>
				</match>
			</Operation>
			
			<!-- ###################################### Spots and signs ###################################### -->
			
			<Operation Class="PatchOperationFindMod">
				<mods>
					<li>[CM] Spots Tab</li>
					<li>Spots Tab (Continued)</li>
					<li>[CM] Spots Tab (Continued)</li>
				</mods>
				<match Class="PatchOperationSequence">
					<operations>
						<li Class="PatchOperationReplace">
							<xpath>/Defs/DesignationCategoryDef[defName="CM_SpotsTab"]/order</xpath>
							<value>
								<order>50</order>
							</value>
						</li>
					</operations>
				</match><!-- 								###########	Moved ###########
				<nomatch Class="PatchOperationSequence">	
					<operations>
						<li Class="XmlExtensions.OptionalPatch"> 
							<modId>NiilosQoL</modId>
							<key>NiilosQoL_Settings_Spots_Tab</key>
							<defaultValue>true</defaultValue>
							<caseTrue>
								<Operation Class="PatchOperationAdd">
									<xpath>/Defs</xpath>
										<value>
											<DesignationCategoryDef>
												<defName>NQoL_Spots</defName>
												<label>Spots</label>
												<description>Tab for spots.</description>
												<order>50</order>
												<specialDesignatorClasses>
													<li>Designator_Cancel</li>
													<li>Designator_Deconstruct</li>
												</specialDesignatorClasses>
											</DesignationCategoryDef>
										</value>
								</Operation>
							</caseTrue>
							<caseFalse>
								<Operation Class="PatchOperationFindMod">
									<mods>
										<li>Signs and Comments</li>
									</mods>	
									<match Class="XmlExtensions.OptionalPatch">
										<modId>NiilosQoL</modId>
										<key>NiilosQoL_Settings_Blank_Tabs_Setting</key>
										<defaultValue>false</defaultValue>
										<caseTrue>
											<li Class="PatchOperationAdd"> 
										<xpath>/Defs</xpath>
											<value>
												<DesignationCategoryDef>
													<defName>NQoL_Blank_15</defName>
													<label>...</label>
													<description>Blank tab.</description>
													<order>50</order>
													<specialDesignatorClasses>
														<li>Designator_Cancel</li>
														<li>Designator_Deconstruct</li>
													</specialDesignatorClasses>
												</DesignationCategoryDef>
											</value>
											</li>
										</caseTrue>
										<caseFalse>
										</caseFalse>
									</match>
								</Operation>
							</caseFalse>
						</li>
					</operations>
				</nomatch>-->
			</Operation>
			
			<Operation Class="PatchOperationFindMod"> <!-- if Signs and Comments is loaded -->
				<mods>
					<li>Signs and Comments</li>
				</mods>
				<match Class="PatchOperationSequence"> <!-- Re order it -->
					<operations>
						<li Class="PatchOperationReplace">
							<xpath>/Defs/DesignationCategoryDef[defName="Dark_Signs"]/order</xpath>
							<value>
								<order>49</order>
							</value>
						</li>
					</operations>
				</match>
				<nomatch Class="PatchOperationSequence"> <!-- if Signs and Comments is not loaded -->
					<operations>
						<li Class="XmlExtensions.OptionalPatch">
							<modId>NiilosQoL</modId>
							<key>NiilosQoL_Settings_Spots_Tab</key>
							<defaultValue>false</defaultValue>
							<caseTrue>
								<li Class="PatchOperationFindMod">  <!-- and if spots tab mod is enabled -->
									<mods>
										<li>[CM] Spots Tab</li>
										<li>Spots Tab (Continued)</li>
										<li>[CM] Spots Tab (Continued)</li>
									</mods>	
									<nomatch Class="PatchOperationFindMod">
										<mods>
											<li>Core</li>
										</mods>	
										<match Class="XmlExtensions.OptionalPatch"> <!-- if Spots tab mod is not loaded--> <!-- If Blank tabs are enabled -->
											<modId>NiilosQoL</modId>
											<key>NiilosQoL_Settings_Blank_Tabs_Setting</key>
											<defaultValue>false</defaultValue>
											<caseTrue>
												<li Class="PatchOperationAdd"> <!-- Blank tab -->
													<xpath>/Defs</xpath>
													<value>
														<DesignationCategoryDef>
															<defName>NQoL_Blank_16</defName>
															<label>...</label>
															<description>Blank tab.</description>
															<order>49</order>
															<specialDesignatorClasses>
																<li>Designator_Cancel</li>
																<li>Designator_Deconstruct</li>
															</specialDesignatorClasses>
														</DesignationCategoryDef>
													</value>
												</li>
											</caseTrue>
										</match>
									</nomatch>
								</li>
							</caseTrue>
						</li>
					</operations>
				</nomatch>
			</Operation>
			
			<!-- ###################################### Path avoid and misc ###################################### -->
			
			<Operation Class="PatchOperationFindMod">
				<mods>
					<li>[KV] Path Avoid</li>
				</mods>
				<match Class="PatchOperationSequence">
					<operations>
						<li Class="PatchOperationReplace">
							<xpath>/Defs/DesignationCategoryDef[defName="Pathing"]/order</xpath>
							<value>
								<order>48</order>
							</value>
						</li>
					</operations>
				</match>
				<nomatch Class="PatchOperationFindMod">
					<mods>
						<li>Core</li>
					</mods>
					<match Class="XmlExtensions.OptionalPatch">
						<modId>NiilosQoL</modId>
						<key>NiilosQoL_Settings_Blank_Tabs_Setting</key>
						<defaultValue>false</defaultValue>
						<caseTrue>
							<li Class="PatchOperationAdd"> <!-- Blank tab -->
								<xpath>/Defs</xpath>
								<value>
									<DesignationCategoryDef>
										<defName>NQoL_Blank_18</defName>
										<label>...</label>
										<description>Blank tab.</description>
										<order>48</order>
										<specialDesignatorClasses>
											<li>Designator_Cancel</li>
											<li>Designator_Deconstruct</li>
										</specialDesignatorClasses>
									</DesignationCategoryDef>
								</value>
							</li>
						</caseTrue>
					</match>
				</nomatch>
			</Operation>
			
			<Operation Class="PatchOperationReplace">
				<xpath>/Defs/DesignationCategoryDef[defName="Misc"]/order</xpath>
				<value>
					<order>0</order>
				</value>
			</Operation>
		</caseTrue>
	</Operation>
</Patch>