<?xml version="1.0" encoding="utf-8"?>
<Patch>

	<Operation Class="XmlExtensions.OptionalPatch">
		<modId>NiilosQoL</modId>
		<key>NiilosQoL_Settings_No_Hay_Rot</key>
		<defaultValue>false</defaultValue>
		<caseTrue>
			<Operation Class="XmlExtensions.PatchOperationSafeRemove">
				<xpath>Defs/ThingDef[defName="Hay"]/comps/li[@Class="CompProperties_Rottable"]</xpath>
			</Operation>
		</caseTrue>
	</Operation>
	
	<Operation Class="XmlExtensions.OptionalPatch">
		<modId>NiilosQoL</modId>
		<key>NiilosQoL_Settings_Non_Flammable_Steel</key>
		<defaultValue>false</defaultValue>
		<caseTrue>
			<Operation Class="PatchOperationReplace">
				<xpath>Defs/ThingDef[defName="Steel"]/stuffProps/statFactors/Flammability</xpath>
				<value>
					<Flammability>0</Flammability>
				</value>
			</Operation>
		</caseTrue>
	</Operation>
	
	<Operation Class="XmlExtensions.OptionalPatch">
		<modId>NiilosQoL</modId>
		<key>NiilosQoL_Settings_Non_Flammable_Gold</key>
		<defaultValue>false</defaultValue>
		<caseTrue>
			<Operation Class="PatchOperationReplace">
				<xpath>Defs/ThingDef[defName="Gold"]/stuffProps/statFactors/Flammability</xpath>
				<value>
					<Flammability>0</Flammability>
				</value>
			</Operation>
		</caseTrue>
	</Operation>
	
	<Operation Class="XmlExtensions.OptionalPatch">
		<modId>NiilosQoL</modId>
		<key>NiilosQoL_Settings_Non_Flammable_Silver</key>
		<defaultValue>false</defaultValue>
		<caseTrue>
			<Operation Class="PatchOperationReplace">
				<xpath>Defs/ThingDef[defName="Silver"]/stuffProps/statFactors/Flammability</xpath>
				<value>
					<Flammability>0</Flammability>
				</value>
			</Operation>
		</caseTrue>
	</Operation>
	
	<Operation Class="XmlExtensions.OptionalPatch">
		<modId>NiilosQoL</modId>
		<key>NiilosQoL_Settings_Neolithic_Relics</key>
		<defaultValue>false</defaultValue>
		<caseTrue>
			<Operation Class="PatchOperationFindMod">
				<mods>
					<li>Ideology</li>
				</mods>
				<match Class="PatchOperationSequence"> 
					<operations>
						<li Class="PatchOperationReplace">
							<xpath>Defs/ThingDef[@Name="RelicBase"]/techLevel</xpath>
							<value>
								<techLevel>Neolithic</techLevel>
							</value>
						</li>
					</operations>
				</match>
			</Operation>
		</caseTrue>
	</Operation>
	
	<Operation Class="XmlExtensions.OptionalPatch">
		<modId>NiilosQoL</modId>
		<key>NiilosQoL_Settings_Worhless_Silver</key>
		<defaultValue>false</defaultValue>
		<caseTrue>
			<Operation Class="PatchOperationReplace">
				<xpath>Defs/ThingDef[defName="Silver"]/statBases/MarketValue</xpath>
				<value>
					<MarketValue>0</MarketValue>
				</value>
			</Operation>
		</caseTrue>
	</Operation>
	
	<Operation Class="XmlExtensions.OptionalPatch">
		<modId>NiilosQoL</modId>
		<key>NiilosQoL_Settings_Raider_Downing</key>
		<defaultValue>false</defaultValue>
		<caseTrue>
			<Operation Class="PatchOperationReplace">
				<xpath>Defs/DifficultyDef/enemyDeathOnDownedChanceFactor</xpath>
				<value>
					<enemyDeathOnDownedChanceFactor>0</enemyDeathOnDownedChanceFactor>
				</value>
			</Operation>
		</caseTrue>
	</Operation>
	
	<Operation Class="XmlExtensions.OptionalPatch">
		<modId>NiilosQoL</modId>
		<key>NiilosQoL_Settings_No_Ammo_Turrets</key>
		<defaultValue>false</defaultValue>
		<caseTrue>
			<Operation Class="PatchOperationSequence">
				<operations>
					<li Class="XmlExtensions.PatchOperationSafeRemove">
						<xpath>Defs/ThingDef[designationCategory="Security"][thingClass="Building_TurretGun"]/comps/li[@Class="CompProperties_Refuelable"]</xpath>
					</li>
					<li Class="XmlExtensions.PatchOperationSafeRemove">
						<xpath>Defs/ThingDef[designationCategory="Security"][defName="Turret_Autocannon"]/comps/li[@Class="CompProperties_Refuelable"]</xpath>
					</li>
					<li Class="XmlExtensions.PatchOperationSafeRemove">
						<xpath>Defs/ThingDef[designationCategory="Security"][defName="Turret_Sniper"]/comps/li[@Class="CompProperties_Refuelable"]</xpath>
					</li>
				</operations>
			</Operation>
		</caseTrue>
	</Operation>
	
	<Operation Class="XmlExtensions.OptionalPatch">
		<modId>NiilosQoL</modId>
		<key>NiilosQoL_Settings_No_Fuel_Torches</key>
		<defaultValue>false</defaultValue>
		<caseTrue>
			<Operation Class="PatchOperationSequence">
				<operations>
					<li Class="XmlExtensions.PatchOperationSafeRemove">
						<xpath>Defs/ThingDef[designationCategory="Furniture"][leaveResourcesWhenKilled="false"][resourcesFractionWhenDeconstructed="0"]/comps/li[@Class="CompProperties_Refuelable"]</xpath>
					</li>
					<li Class="XmlExtensions.PatchOperationSafeRemove">
						<xpath>Defs/ThingDef[designationCategory="AOMorefurniture"][leaveResourcesWhenKilled="false"][resourcesFractionWhenDeconstructed="0"]/comps/li[@Class="CompProperties_Refuelable"]</xpath>
					</li>
					<li Class="XmlExtensions.PatchOperationSafeRemove">
						<xpath>Defs/ThingDef[@Name="TorchLamp"]/comps/li[@Class="CompProperties_Refuelable"]</xpath>
					</li>
					<li Class="XmlExtensions.PatchOperationSafeRemove">
						<xpath>Defs/ThingDef[defName="Darktorch"]/comps/li[@Class="CompProperties_Refuelable"]</xpath>
					</li>
					<li Class="XmlExtensions.PatchOperationSafeRemove">
						<xpath>Defs/ThingDef[defName="DarktorchFungus"]/comps/li[@Class="CompProperties_Refuelable"]</xpath>
					</li>
				</operations>
			</Operation>
		</caseTrue>
	</Operation>
	
	<Operation Class="XmlExtensions.OptionalPatch">
		<modId>NiilosQoL</modId>
		<key>NiilosQoL_Settings_No_Fuel_Coolers</key>
		<defaultValue>false</defaultValue>
		<caseTrue>
			<Operation Class="PatchOperationSequence">
				<operations>
					<li Class="XmlExtensions.PatchOperationSafeRemove">
						<xpath>Defs/ThingDef[defName="PassiveCooler"]/comps/li[@Class="CompProperties_Refuelable"]</xpath>
					</li>
				</operations>
			</Operation>
		</caseTrue>
	</Operation>
	
	<Operation Class="XmlExtensions.OptionalPatch">
		<modId>NiilosQoL</modId>
		<key>NiilosQoL_Settings_No_Fuel_Campfires</key>
		<defaultValue>false</defaultValue>
		<caseTrue>
			<Operation Class="PatchOperationSequence">
				<operations>
					<li Class="XmlExtensions.PatchOperationSafeRemove">
						<xpath>Defs/ThingDef[defName="Campfire"]/comps/li[@Class="CompProperties_Refuelable"]</xpath>
					</li>
					<li Class="XmlExtensions.PatchOperationSafeRemove">
						<xpath>Defs/ThingDef[defName="Stone_Campfire"]/comps/li[@Class="CompProperties_Refuelable"]</xpath>
					</li>
				</operations>
			</Operation>
		</caseTrue>
	</Operation>
	
	<Operation Class="XmlExtensions.OptionalPatch">
		<modId>NiilosQoL</modId>
		<key>NiilosQoL_Settings_No_Fuel_Braziers</key>
		<defaultValue>false</defaultValue>
		<caseTrue>
			<Operation Class="PatchOperationSequence">
				<operations>
					<li Class="XmlExtensions.PatchOperationSafeRemove">
						<xpath>Defs/ThingDef[@Name="Brazier"]/comps/li[@Class="CompProperties_Refuelable"]</xpath>
					</li>
					<li Class="XmlExtensions.PatchOperationSafeRemove">
						<xpath>Defs/ThingDef[defName="DarklightBrazier"]/comps/li[@Class="CompProperties_Refuelable"]</xpath>
					</li>
				</operations>
			</Operation>
		</caseTrue>
	</Operation>
	
	<!-- ################################################################################# --><!-- ################################################################################# -->

	<Operation Class="XmlExtensions.OptionalPatch">
		<modId>NiilosQoL</modId>
		<key>NiilosQoL_Settings_No_Bed_Cramming_Medical</key>
		<defaultValue>false</defaultValue>
		<caseTrue>
			<Operation Class="PatchOperationSequence">
				<operations>
					<li Class="XmlExtensions.PatchOperationAdd">
						<xpath>Defs/ThingDef[defName="HospitalBed"]/comps/li[@Class="CompProperties_AffectedByFacilities"]/linkableFacilities</xpath>
						<value>
							<li>HospitalBed</li>
							<li>Bed</li>
							<li>DoubleBed</li>
							<li>RoyalBed</li>
							<li>SleepingSpot</li>
							<li>DoubleSleepingSpot</li>
							<li>Bedroll</li>
							<li>BedrollDouble</li>
						</value>
					</li><!--
					<li Class="XmlExtensions.PatchOperationReplace">
						<xpath>Defs/ThingDef[defName="SleepingSpot"]/statBases/Comfort</xpath>
						<value>
							<Comfort>0.90</Comfort>
						</value>
					</li>-->
					<li Class="XmlExtensions.PatchOperationMath">
						<xpath>Defs/ThingDef[defName="HospitalBed"]/statBases/Comfort</xpath>
						<value>0.10</value> <!-- changes comfort from 0.80 to 0.90 to offset the debuff when having only one bed.-->
						<operation>+</operation>
						<fromXml>false</fromXml>
					</li>
					<li Class="XmlExtensions.PatchOperationAdd">
						<xpath>Defs/ThingDef[defName="HospitalBed"]/comps</xpath>
						<value>
							<li Class="CompProperties_Facility">
								<statOffsets>
									<Comfort>-0.10</Comfort>
								</statOffsets>
								<maxSimultaneous>12</maxSimultaneous>
								<mustBePlacedAdjacentCardinalToBedHead>true</mustBePlacedAdjacentCardinalToBedHead><!--
								<mustBePlacedAdjacent>true</mustBePlacedAdjacent>
								<maxDistance>6</maxDistance>-->
							</li>
						</value>
					</li>
				</operations>
			</Operation>
		</caseTrue>
	</Operation>
	
	<!-- ################################################################################# -->
	
	<Operation Class="XmlExtensions.OptionalPatch">
		<modId>NiilosQoL</modId>
		<key>NiilosQoL_Settings_No_Bed_Cramming</key>
		<defaultValue>false</defaultValue>
		<caseTrue>
			<Operation Class="PatchOperationSequence">
				<operations>
					<li Class="XmlExtensions.PatchOperationAdd">
						<xpath>Defs/ThingDef[defName="Bed"]/comps/li[@Class="CompProperties_AffectedByFacilities"]/linkableFacilities</xpath>
						<value>
							<li>HospitalBed</li>
							<li>Bed</li>
							<li>DoubleBed</li>
							<li>RoyalBed</li>
							<li>SleepingSpot</li>
							<li>DoubleSleepingSpot</li>
							<li>Bedroll</li>
							<li>BedrollDouble</li>
						</value>
					</li><!--
					<li Class="XmlExtensions.PatchOperationReplace">
						<xpath>Defs/ThingDef[defName="SleepingSpot"]/statBases/Comfort</xpath>
						<value>
							<Comfort>0.90</Comfort>
						</value>
					</li>-->
					<li Class="XmlExtensions.PatchOperationMath">
						<xpath>Defs/ThingDef[defName="Bed"]/statBases/Comfort</xpath>
						<value>0.10</value> <!-- changes comfort from 0.80 to 0.90 to offset the debuff when having only one bed.-->
						<operation>+</operation>
						<fromXml>false</fromXml>
					</li>
					<li Class="XmlExtensions.PatchOperationAdd">
						<xpath>Defs/ThingDef[defName="Bed"]/comps</xpath>
						<value>
							<li Class="CompProperties_Facility">
								<statOffsets>
									<Comfort>-0.10</Comfort>
								</statOffsets>
								<maxSimultaneous>12</maxSimultaneous>
								<mustBePlacedAdjacentCardinalToBedHead>true</mustBePlacedAdjacentCardinalToBedHead><!--
								<mustBePlacedAdjacent>true</mustBePlacedAdjacent>
								<maxDistance>6</maxDistance>-->
							</li>
						</value>
					</li>
					
					<li Class="XmlExtensions.PatchOperationAdd">
						<xpath>Defs/ThingDef[defName="DoubleBed"]/comps/li[@Class="CompProperties_AffectedByFacilities"]/linkableFacilities</xpath>
						<value>
							<li>HospitalBed</li>
							<li>Bed</li>
							<li>DoubleBed</li>
							<li>RoyalBed</li>
							<li>SleepingSpot</li>
							<li>DoubleSleepingSpot</li>
							<li>Bedroll</li>
							<li>BedrollDouble</li>
						</value>
					</li>
					<li Class="XmlExtensions.PatchOperationReplace">
						<xpath>Defs/ThingDef[defName="DoubleBed"]/statBases/Comfort</xpath>
						<value>
							<Comfort>0.90</Comfort><!-- changes comfort from 0.80 to 0.90 to offset the debuff when having only one bed.-->
						</value>
					</li>
					<li Class="XmlExtensions.PatchOperationAdd">
						<xpath>Defs/ThingDef[defName="DoubleBed"]/comps</xpath>
						<value>
							<li Class="CompProperties_Facility">
								<statOffsets>
									<Comfort>-0.10</Comfort>
								</statOffsets>
								<maxSimultaneous>12</maxSimultaneous>
								<mustBePlacedAdjacentCardinalToBedHead>true</mustBePlacedAdjacentCardinalToBedHead><!--
								<mustBePlacedAdjacent>true</mustBePlacedAdjacent>
								<maxDistance>6</maxDistance>-->
							</li>
						</value>
					</li>
					
					<li Class="XmlExtensions.PatchOperationAdd">
						<xpath>Defs/ThingDef[defName="Bedroll"]/comps/li[@Class="CompProperties_AffectedByFacilities"]/linkableFacilities</xpath>
						<value>
							<li>HospitalBed</li>
							<li>Bed</li>
							<li>DoubleBed</li>
							<li>RoyalBed</li>
							<li>SleepingSpot</li>
							<li>DoubleSleepingSpot</li>
							<li>Bedroll</li>
							<li>BedrollDouble</li>
						</value>
					</li><!--
					<li Class="XmlExtensions.PatchOperationReplace">
						<xpath>Defs/ThingDef[defName="SleepingSpot"]/statBases/Comfort</xpath>
						<value>
							<Comfort>0.90</Comfort>
						</value>
					</li>-->
					<li Class="XmlExtensions.PatchOperationMath">
						<xpath>Defs/ThingDef[defName="Bedroll"]/statBases/Comfort</xpath>
						<value>0.10</value> <!-- changes comfort from 0.80 to 0.90 to offset the debuff when having only one bed.-->
						<operation>+</operation>
						<fromXml>false</fromXml>
					</li>
					<li Class="XmlExtensions.PatchOperationAdd">
						<xpath>Defs/ThingDef[defName="Bedroll"]/comps</xpath>
						<value>
							<li Class="CompProperties_Facility">
								<statOffsets>
									<Comfort>-0.10</Comfort>
								</statOffsets>
								<maxSimultaneous>12</maxSimultaneous>
								<mustBePlacedAdjacentCardinalToBedHead>true</mustBePlacedAdjacentCardinalToBedHead><!--
								<mustBePlacedAdjacent>true</mustBePlacedAdjacent>
								<maxDistance>6</maxDistance>-->
							</li>
						</value>
					</li>
					
					<li Class="XmlExtensions.PatchOperationAdd">
						<xpath>Defs/ThingDef[defName="BedrollDouble"]/comps/li[@Class="CompProperties_AffectedByFacilities"]/linkableFacilities</xpath>
						<value>
							<li>HospitalBed</li>
							<li>Bed</li>
							<li>DoubleBed</li>
							<li>RoyalBed</li>
							<li>SleepingSpot</li>
							<li>DoubleSleepingSpot</li>
							<li>Bedroll</li>
							<li>BedrollDouble</li>
						</value>
					</li>
					<li Class="XmlExtensions.PatchOperationReplace">
						<xpath>Defs/ThingDef[defName="BedrollDouble"]/statBases/Comfort</xpath>
						<value>
							<Comfort>0.90</Comfort><!-- changes comfort from 0.80 to 0.90 to offset the debuff when having only one bed.-->
						</value>
					</li>
					<li Class="XmlExtensions.PatchOperationAdd">
						<xpath>Defs/ThingDef[defName="BedrollDouble"]/comps</xpath>
						<value>
							<li Class="CompProperties_Facility">
								<statOffsets>
									<Comfort>-0.10</Comfort>
								</statOffsets>
								<maxSimultaneous>12</maxSimultaneous>
								<mustBePlacedAdjacentCardinalToBedHead>true</mustBePlacedAdjacentCardinalToBedHead><!--
								<mustBePlacedAdjacent>true</mustBePlacedAdjacent>
								<maxDistance>6</maxDistance>-->
							</li>
						</value>
					</li>
					
					<li Class="XmlExtensions.PatchOperationAdd">
						<xpath>Defs/ThingDef[defName="RoyalBed"]/comps/li[@Class="CompProperties_AffectedByFacilities"]/linkableFacilities</xpath>
						<value>
							<li>HospitalBed</li>
							<li>Bed</li>
							<li>DoubleBed</li>
							<li>RoyalBed</li>
							<li>SleepingSpot</li>
							<li>DoubleSleepingSpot</li>
							<li>Bedroll</li>
							<li>BedrollDouble</li>
						</value>
					</li><!--
					<li Class="XmlExtensions.PatchOperationReplace">
						<xpath>Defs/ThingDef[defName="SleepingSpot"]/statBases/Comfort</xpath>
						<value>
							<Comfort>0.90</Comfort>
						</value>
					</li>-->
					<li Class="XmlExtensions.PatchOperationMath">
						<xpath>Defs/ThingDef[defName="RoyalBed"]/statBases/Comfort</xpath>
						<value>0.10</value> <!-- changes comfort from 0.80 to 0.90 to offset the debuff when having only one bed.-->
						<operation>+</operation>
						<fromXml>false</fromXml>
					</li>
					<li Class="XmlExtensions.PatchOperationAdd">
						<xpath>Defs/ThingDef[defName="RoyalBed"]/comps</xpath>
						<value>
							<li Class="CompProperties_Facility">
								<statOffsets>
									<Comfort>-0.10</Comfort>
								</statOffsets>
								<maxSimultaneous>12</maxSimultaneous>
								<mustBePlacedAdjacentCardinalToBedHead>true</mustBePlacedAdjacentCardinalToBedHead><!--
								<mustBePlacedAdjacent>true</mustBePlacedAdjacent>
								<maxDistance>6</maxDistance>-->
							</li>
						</value>
					</li>
					
					<li Class="XmlExtensions.Conditional">
						<xpath>Defs/ThingDef[defName="SleepingSpot"]/comps/li[@Class="CompProperties_AffectedByFacilities"]</xpath>
						<caseFalse> 
							<Operation Class="XmlExtensions.PatchOperationAdd">
								<xpath>Defs/ThingDef[defName="SleepingSpot"]/comps</xpath>
								<value>
									<li Class="CompProperties_AffectedByFacilities">
										<linkableFacilities>
										</linkableFacilities>
									</li>
								</value>
							</Operation>
						</caseFalse>
					</li>
					<li Class="XmlExtensions.PatchOperationAdd">
						<xpath>Defs/ThingDef[defName="SleepingSpot"]/comps/li[@Class="CompProperties_AffectedByFacilities"]/linkableFacilities</xpath>
						<value>
							<li>HospitalBed</li>
							<li>Bed</li>
							<li>DoubleBed</li>
							<li>RoyalBed</li>
							<li>SleepingSpot</li>
							<li>DoubleSleepingSpot</li>
							<li>Bedroll</li>
							<li>BedrollDouble</li>
						</value>
					</li><!--
					<li Class="XmlExtensions.PatchOperationReplace">
						<xpath>Defs/ThingDef[defName="SleepingSpot"]/statBases/Comfort</xpath>
						<value>
							<Comfort>0.90</Comfort>
						</value>
					</li>-->
					<li Class="XmlExtensions.PatchOperationMath">
						<xpath>Defs/ThingDef[defName="SleepingSpot"]/statBases/Comfort</xpath>
						<value>0.10</value> <!-- changes comfort from 0.80 to 0.90 to offset the debuff when having only one bed.-->
						<operation>+</operation>
						<fromXml>false</fromXml>
					</li>
					<li Class="XmlExtensions.PatchOperationAdd">
						<xpath>Defs/ThingDef[defName="SleepingSpot"]/comps</xpath>
						<value>
							<li Class="CompProperties_Facility">
								<statOffsets>
									<Comfort>-0.10</Comfort>
								</statOffsets>
								<maxSimultaneous>12</maxSimultaneous>
								<mustBePlacedAdjacentCardinalToBedHead>true</mustBePlacedAdjacentCardinalToBedHead><!--
								<mustBePlacedAdjacent>true</mustBePlacedAdjacent>
								<maxDistance>6</maxDistance>-->
							</li>
						</value>
					</li>

					<li Class="XmlExtensions.Conditional">
						<xpath>Defs/ThingDef[defName="DoubleSleepingSpot"]/comps/li[@Class="CompProperties_AffectedByFacilities"]</xpath>
						<caseFalse> 
							<Operation Class="XmlExtensions.PatchOperationAdd">
								<xpath>Defs/ThingDef[defName="DoubleSleepingSpot"]/comps</xpath>
								<value>
									<li Class="CompProperties_AffectedByFacilities">
										<linkableFacilities>
										</linkableFacilities>
									</li>
								</value>
							</Operation>
						</caseFalse>
					</li>
					<li Class="XmlExtensions.PatchOperationAdd">
						<xpath>Defs/ThingDef[defName="DoubleSleepingSpot"]/comps/li[@Class="CompProperties_AffectedByFacilities"]/linkableFacilities</xpath>
						<value>
							<li>HospitalBed</li>
							<li>Bed</li>
							<li>DoubleBed</li>
							<li>RoyalBed</li>
							<li>SleepingSpot</li>
							<li>DoubleSleepingSpot</li>
							<li>Bedroll</li>
							<li>BedrollDouble</li>
						</value>
					</li><!--
					<li Class="XmlExtensions.PatchOperationReplace">
						<xpath>Defs/ThingDef[defName="SleepingSpot"]/statBases/Comfort</xpath>
						<value>
							<Comfort>0.90</Comfort>
						</value>
					</li>-->
					<li Class="XmlExtensions.PatchOperationMath">
						<xpath>Defs/ThingDef[defName="DoubleSleepingSpot"]/statBases/Comfort</xpath>
						<value>0.10</value> <!-- changes comfort from 0.80 to 0.90 to offset the debuff when having only one bed.-->
						<operation>+</operation>
						<fromXml>false</fromXml>
					</li>
					<li Class="XmlExtensions.PatchOperationAdd">
						<xpath>Defs/ThingDef[defName="DoubleSleepingSpot"]/comps</xpath>
						<value>
							<li Class="CompProperties_Facility">
								<statOffsets>
									<Comfort>-0.10</Comfort>
								</statOffsets>
								<maxSimultaneous>12</maxSimultaneous>
								<mustBePlacedAdjacentCardinalToBedHead>true</mustBePlacedAdjacentCardinalToBedHead><!--
								<mustBePlacedAdjacent>true</mustBePlacedAdjacent>
								<maxDistance>6</maxDistance>-->
							</li>
						</value>
					</li>
				</operations>
			</Operation>
		</caseTrue>
	</Operation>
	
	<!-- ################################################################################# --> <!-- ################################################################################# -->
	
	<Operation Class="XmlExtensions.OptionalPatch">
		<modId>NiilosQoL</modId>
		<key>NiilosQoL_Settings_Non_Flammable_Ash</key>
		<defaultValue>false</defaultValue>
		<caseTrue>
			<Operation Class="PatchOperationSequence">
				<operations>
					<li Class="XmlExtensions.PatchOperationAdd">
						<xpath>Defs/ThingDef[defName="Filth_Ash"]/filth</xpath>
						<value>
							<allowsFire>false</allowsFire>
						</value>
					</li>
					<li Class="XmlExtensions.PatchOperationReplace">
						<xpath>Defs/ThingDef[defName="Filth_Ash"]/filth/disappearsInDays</xpath>
						<value>
							<disappearsInDays>15~30</disappearsInDays>
						</value>
					</li>
				</operations>
			</Operation>
		</caseTrue>
	</Operation>
	
	<Operation Class="XmlExtensions.OptionalPatch">
		<modId>NiilosQoL</modId>
		<key>NiilosQoL_Settings_Skilled_Stone_Cutting</key>
		<defaultValue>false</defaultValue>
		<caseTrue>
			<Operation Class="PatchOperationFindMod">
				<mods>
					<li>Core</li>
				</mods>
				<match Class="PatchOperationFindMod">
					<mods>
						<li>Core</li>
					</mods>
					<match Class="PatchOperationSequence">
						<operations>
							<li Class="XmlExtensions.PatchOperationReplace">
								<xpath>Defs/RecipeDef[@Name="MakeStoneBlocksBase"]/workSpeedStat</xpath>
								<value>	
									<workSpeedStat>NQoL_Craft_Stone_Cutting_Speed_Def</workSpeedStat>
								</value>
							</li>
							<li Class="XmlExtensions.PatchOperationAdd">
								<xpath>Defs/RecipeDef[@Name="MakeStoneBlocksBase"]</xpath>
								<value>
									<workSkill>Crafting</workSkill>
								</value>
							</li>
							<li Class="XmlExtensions.PatchOperationAdd">
								<xpath>Defs/RecipeDef[@Name="MakeStoneBlocksBase"]</xpath>
								<value>
									<workSkillLearnFactor>0.125</workSkillLearnFactor> <!-- Gain crafting skill at 1/8 the normal rate -->
								</value>
							</li>
						</operations>
					</match>
				</match>
			</Operation>
		</caseTrue>
	</Operation>
	
	<!-- ########################   ######################## --><!-- ########################   ######################## --><!-- ########################   ######################## -->
	
	<Operation Class="XmlExtensions.OptionalPatch">
		<modId>NiilosQoL</modId>
		<key>NiilosQoL_Settings_Fix_Apparel_Coverage</key>
		<defaultValue>true</defaultValue>
		<caseTrue>
			<Operation Class="PatchOperationFindMod">
				<mods>
					<li>Vanilla Apparel Expanded</li>
				</mods>
				<match Class="PatchOperationSequence">
					<operations>
						<li Class="XmlExtensions.PatchOperationAdd">
							<xpath>Defs/ThingDef[defName="VAE_Headgear_SurgicalMask"]/apparel/bodyPartGroups</xpath>
							<value>
								<li>Teeth</li>
							</value>
						</li>
					</operations>
				</match>
			</Operation>
		</caseTrue>
	</Operation>
	
	<!-- ########################   ######################## --><!-- ########################   ######################## --><!-- ########################   ######################## -->
	
	<Operation Class="XmlExtensions.OptionalPatch">
		<modId>NiilosQoL</modId>
		<key>NiilosQoL_Settings_Skill_From_Smelting</key>
		<defaultValue>false</defaultValue>
		<caseTrue>
			<Operation Class="PatchOperationFindMod">
				<mods>
					<li>Core</li>
				</mods>
				<match Class="PatchOperationFindMod">
					<mods>
						<li>Core</li>
					</mods>
					<match Class="PatchOperationSequence">
						<operations>
							<li Class="XmlExtensions.PatchOperationAdd">
								<xpath>Defs/RecipeDef[defName="ExtractMetalFromSlag"]</xpath>
								<value>
									<workSkill>Crafting</workSkill>
								</value>
							</li>
							<li Class="XmlExtensions.PatchOperationAdd">
								<xpath>Defs/RecipeDef[defName="ExtractMetalFromSlag"]</xpath>
								<value>
									<workSkillLearnFactor>0.125</workSkillLearnFactor> <!-- Gain crafting skill at 1/8 the normal rate -->
								</value>
							</li>
							
							<li Class="XmlExtensions.PatchOperationAdd">
								<xpath>Defs/RecipeDef[defName="SmeltWeapon"]</xpath>
								<value>
									<workSkill>Crafting</workSkill>
								</value>
							</li>
							<li Class="XmlExtensions.PatchOperationAdd">
								<xpath>Defs/RecipeDef[defName="SmeltWeapon"]</xpath>
								<value>
									<workSkillLearnFactor>0.125</workSkillLearnFactor> <!-- Gain crafting skill at 1/8 the normal rate -->
								</value>
							</li>
							
							<li Class="XmlExtensions.PatchOperationAdd">
								<xpath>Defs/RecipeDef[defName="SmeltApparel"]</xpath>
									<value>
										<workSkill>Crafting</workSkill>
									</value>
							</li>
							<li Class="XmlExtensions.PatchOperationAdd">
								<xpath>Defs/RecipeDef[defName="SmeltApparel"]</xpath>
								<value>
									<workSkillLearnFactor>0.125</workSkillLearnFactor> <!-- Gain crafting skill at 1/8 the normal rate -->
								</value>
							</li>
							
							<li Class="XmlExtensions.PatchOperationAdd">
								<xpath>Defs/RecipeDef[defName="DestroyWeapon"]</xpath>
								<value>
									<workSkill>Crafting</workSkill>
								</value>
							</li>
							<li Class="XmlExtensions.PatchOperationAdd">
								<xpath>Defs/RecipeDef[defName="DestroyWeapon"]</xpath>
								<value>
									<workSkillLearnFactor>0.125</workSkillLearnFactor> <!-- Gain crafting skill at 1/8 the normal rate -->
								</value>
							</li>
							
							<li Class="XmlExtensions.PatchOperationAdd">
								<xpath>Defs/RecipeDef[defName="DestroyApparel"]</xpath>
								<value>
									<workSkill>Crafting</workSkill>
								</value>
							</li>
							<li Class="XmlExtensions.PatchOperationAdd">
								<xpath>Defs/RecipeDef[defName="DestroyApparel"]</xpath>
								<value>
									<workSkillLearnFactor>0.125</workSkillLearnFactor> <!-- Gain crafting skill at 1/8 the normal rate -->
								</value>
							</li>
						</operations>
					</match>
				</match>
			</Operation>
		</caseTrue>
	</Operation>
	
	
	<Operation Class="XmlExtensions.OptionalPatch">
		<modId>NiilosQoL</modId>
		<key>NiilosQoL_Settings_Smaller_Room_Size</key>
		<defaultValue>false</defaultValue>
		<caseTrue>
			<Operation Class="PatchOperationFindMod">
				<mods>
					<li>ETRT: Room Size Tweaks</li>
				</mods>
				<nomatch Class="PatchOperationFindMod">
					<mods>
						<li>Core</li>
					</mods>
					<match Class="PatchOperationSequence">
						<operations>
							<li Class="XmlExtensions.PatchOperationReplace">
								<xpath>Defs/RoomStatDef[defName="Space"]/scoreStages</xpath>
								<value>
									<scoreStages>
										<li>
											<label>cramped</label>
										</li>
										<li>
											<minScore>8</minScore>
											<label>rather tight</label>
										</li>
										<li>
											<minScore>22</minScore>
											<label>average-sized</label>
										</li>
										<li>
											<minScore>37</minScore>
										<label>somewhat spacious</label>
										</li>
										<li>
											<minScore>69</minScore>
											<label>quite spacious</label>
										</li>
										<li>
											<minScore>113</minScore>
											<label>very spacious</label>
										</li>
										<li>
											<minScore>233</minScore>
											<label>extremely spacious</label>
										</li>
									</scoreStages>
								</value>
							</li>
						</operations>
					</match>
				</nomatch>
			</Operation>
		</caseTrue>
	</Operation>
	
	<!-- ########################   ######################## -->

<!--
							<li>
								<label>cramped</label>
							</li>
							<li>
								<minScore>12.5</minScore> 	8,333333333333333    	8
								<label>rather tight</label>
							</li>
							<li>
								<minScore>29</minScore> 	19,33333333333333  		 22
								<label>average-sized</label>
							</li>
							<li> 
								<minScore>55</minScore> 	36,66666666666667 		  35
								<label>somewhat spacious</label>
							</li>
							<li>
								<minScore>70</minScore>		46,66666666666667    	69
								<label>quite spacious</label>
							</li>
							<li>
								<minScore>130</minScore>	 86,66666666666667   	113
								<label>very spacious</label>
							</li>
							<li>	
								<minScore>349.5</minScore>	 233    				200
								<label>extremely spacious</label>
							</li>
-->
</Patch>