<?xml version="1.0" encoding="utf-8"?>
<Patch>
	<Operation Class="XmlExtensions.OptionalPatch">
		<modId>NiilosQoL</modId>
		<key>NiilosQoL_Settings_Debug</key>
		<defaultValue>false</defaultValue>
		<caseTrue>
			<Operation Class="PatchOperationFindMod">
				<mods>
					<li>Core</li>
				</mods>
				<match Class="PatchOperationFindMod">
					<mods>
						<li>Core</li>
					</mods>
					<match Class="PatchOperationSequence">
						<operations>
							<li Class="XmlExtensions.Log">
								<warning>Debug Mode Activated! (Niilo's QoL)</warning>
							</li>
									<li Class="XmlExtensions.Log">
										<text>Minification Patch Debug FabricationBench</text>
										<xpath>Defs/ThingDef[defName="FabricationBench"]</xpath>
									</li>
									
									<li Class="XmlExtensions.Log">
										<text>Minification Patch Debug BiofuelRefinery</text>
										<xpath>Defs/ThingDef[defName="BiofuelRefinery"]</xpath>
									</li>
									
									<li Class="XmlExtensions.Log">
										<text>Minification Patch Debug HiTechResearchBench</text>
										<xpath>Defs/ThingDef[defName="HiTechResearchBench"]</xpath>
									</li>
						</operations>
					</match>
				</match>
			</Operation>
			<Operation Class="PatchOperationFindMod">
				<mods>
					<li>Core</li>
				</mods>
				<match Class="PatchOperationFindMod">
					<mods>
						<li>Vanilla Furniture Expanded - Production</li>
					</mods>
					<match Class="PatchOperationSequence">
						<operations>
									<li Class="XmlExtensions.Log">
										<text>Minification Patch Debug VFE_TableMachiningLarge</text>
										<xpath>Defs/ThingDef[defName="VFE_TableMachiningLarge"]</xpath>
									</li>
									
									<li Class="XmlExtensions.Log">
										<text>Minification Patch Debug VFE_TableSmithyLarge</text>
										<xpath>Defs/ThingDef[defName="VFE_TableSmithyLarge"]</xpath>
									</li>
									
									<li Class="XmlExtensions.Log">
										<text>Minification Patch Debug VFE_TableStoveLarge</text>
										<xpath>Defs/ThingDef[defName="VFE_TableStoveLarge"]</xpath>
									</li>
									
									<li Class="XmlExtensions.Log">
										<text>Minification Patch Debug VFE_TableTailorLarge</text>
										<xpath>Defs/ThingDef[defName="VFE_TableTailorLarge"]</xpath>
									</li>
						</operations>
					</match>
				</match>
			</Operation>
			<Operation Class="PatchOperationFindMod">
				<mods>
					<li>Core</li>
				</mods>
				<match Class="PatchOperationFindMod">
					<mods>
						<li>Vanilla Furniture Expanded - Power</li>
					</mods>
					<match Class="PatchOperationSequence">
						<operations>							
									<li Class="XmlExtensions.Log">
										<text>Minification Patch Debug VPE_GasBiofuelRefinery</text>
										<xpath>Defs/ThingDef[defName="VPE_GasBiofuelRefinery"]</xpath>
									</li>
						</operations>
					</match>
				</match>
			</Operation>
		</caseTrue>
	</Operation>
</Patch>