<?xml version="1.0" encoding="utf-8" ?>
<Patch>
	<Operation Class="XmlExtensions.OptionalPatch">
		<modId>NiilosQoL</modId>
		<key>NiilosQoL_Settings_Group_Template</key>
		<defaultValue>false</defaultValue>
		<caseTrue>
			<Operation Class="PatchOperationSequence">	
				<operations>
					<li Class="XmlExtensions.Conditional"><!-- Add A Vanilla Dropdown -->
						<xpath>/Defs/ThingDef[defName=""]</xpath>
						<caseTrue> 
							<Operation Class="PatchOperationAdd">
								<xpath>/Defs/ThingDef[defName=""][not(designatorDropdown)]</xpath>
								<success>Always</success>
								<value>
									<designatorDropdown></designatorDropdown>
								</value>
							</Operation>
						</caseTrue>
					</li>
					<li Class="XmlExtensions.Conditional"><!-- Replace A Vanilla Dropdown -->
						<xpath>/Defs/ThingDef[defName=""]</xpath>
						<caseTrue> 
							<Operation Class="PatchOperationReplace">
								<xpath>/Defs/ThingDef[defName=""]/designatorDropdown</xpath>
								<value>
									<designatorDropdown></designatorDropdown>
								</value>
							</Operation>
						</caseTrue>
					</li>
				</operations>
			</Operation>
			<Operation Class="PatchOperationFindMod">	
				<mods>
					<li>Core</li>
				</mods>
				<match Class="PatchOperationFindMod">		
					<mods>
						<li>Core</li>					
					</mods>
					<match Class="PatchOperationSequence">	
						<operations>
							<li Class="XmlExtensions.Conditional"><!-- Add A Mod Dropdown -->
								<xpath>/Defs/ThingDef[defName=""]</xpath>
								<caseTrue> 
									<Operation Class="PatchOperationAdd">
										<xpath>/Defs/ThingDef[defName=""][not(designatorDropdown)]</xpath>
										<success>Always</success>
										<value>
											<designatorDropdown></designatorDropdown>
										</value>
									</Operation>
								</caseTrue>
							</li>
							<li Class="XmlExtensions.Conditional"><!-- Replace A Mod Dropdown -->
								<xpath>/Defs/ThingDef[defName=""]</xpath>
								<caseTrue> 
									<Operation Class="PatchOperationReplace">
										<xpath>/Defs/ThingDef[defName=""]/designatorDropdown</xpath>
										<value>
											<designatorDropdown></designatorDropdown>
										</value>
									</Operation>
								</caseTrue>
							</li>
						</operations>
					</match>
				</match>
			</Operation>
		</caseTrue>
	</Operation>
	<!-- ############################ Power ############################ -->
	<!-- ################## Fuses ################## -->
	<Operation Class="XmlExtensions.OptionalPatch">
		<modId>NiilosQoL</modId>
		<key>NiilosQoL_Settings_Group_Fuses</key>
		<defaultValue>true</defaultValue>
		<caseTrue>
			<!-- ############ Project RimFactory Revived | RT Fuse ############ -->
			<Operation Class="PatchOperationFindMod">	
				<mods>
					<li>Project RimFactory Revived</li>
				</mods>
				<match Class="PatchOperationFindMod">		
					<mods>
						<li>RT Fuse</li>					
					</mods>
					<match Class="PatchOperationSequence">	
						<operations>
							<li Class="PatchOperationAdd">
								<success>Always</success>
								<xpath>/Defs/ThingDef[defName="Building_RTCircuitBreaker_30k"][not(designatorDropdown)]</xpath>
								<value>
									<designatorDropdown>PatchPack_FuseGroup</designatorDropdown>
								</value>
							</li>
							<li Class="PatchOperationAdd">
								<success>Always</success>
								<xpath>/Defs/ThingDef[defName="Building_RTCircuitBreaker_300k"][not(designatorDropdown)]</xpath>
								<value>
									<designatorDropdown>PatchPack_FuseGroup</designatorDropdown>
								</value>
							</li>
						</operations>
					</match>
				</match>
			</Operation>
			<!-- ############ RT Fuse ############ -->
			<Operation Class="PatchOperationFindMod">
				<mods>
					<li>RT Fuse</li>
				</mods>
				<match Class="PatchOperationSequence">
					<operations>
						<li Class="PatchOperationAdd">
							<success>Always</success>
							<xpath>/Defs/ThingDef[defName="Building_RTMakeshiftFuse"][not(designatorDropdown)]</xpath>
							<value>
								<designatorDropdown>PatchPack_FuseGroup</designatorDropdown>
							</value>
						</li>
						<li Class="PatchOperationAdd">
							<success>Always</success>
							<xpath>/Defs/ThingDef[defName="Building_RTCircuitBreaker"][not(designatorDropdown)]</xpath>
							<value>
								<designatorDropdown>PatchPack_FuseGroup</designatorDropdown>
							</value>
						</li>
					</operations>
				</match>
			</Operation>
			<!-- ############ Fuse Plus ############ -->
			<Operation Class="PatchOperationFindMod">
				<mods>
					<li>Fuse Plus</li>
				</mods>
				<match Class="PatchOperationSequence">
					<operations>
						<li Class="PatchOperationAdd">
							<success>Always</success>
							<xpath>/Defs/ThingDef[defName="FPIndustrialBreaker"][not(designatorDropdown)]</xpath>
							<value>
								<designatorDropdown>PatchPack_FuseGroup</designatorDropdown>
							</value>
						</li>
						<li Class="PatchOperationAdd">
							<success>Always</success>
							<xpath>/Defs/ThingDef[defName="FPGWBreaker"][not(designatorDropdown)]</xpath>
							<value>
								<designatorDropdown>PatchPack_FuseGroup</designatorDropdown>
							</value>
						</li>
					</operations>
				</match>
			</Operation>
		</caseTrue>
	</Operation>
	<!-- ################## Generators ################## -->
	<Operation Class="XmlExtensions.OptionalPatch">
		<modId>NiilosQoL</modId>
		<key>NiilosQoL_Settings_Group_Generators</key>
		<defaultValue>true</defaultValue>
		<caseTrue>
			<Operation Class="PatchOperationFindMod">
				<mods>
					<li>Vanilla Furniture Expanded - Power</li>
				</mods>
				<match Class="PatchOperationSequence">
						<operations>
							<li Class="PatchOperationAdd">
								<success>Always</success>
								<xpath>/Defs/ThingDef[defName="VFE_PortableWoodFiredGenerator"][not(designatorDropdown)]</xpath>
								<value>
									<designatorDropdown>PatchPack_Power_Generator_Wood</designatorDropdown>
								</value>
							</li>
							<li Class="PatchOperationAdd">
								<success>Always</success>
								<xpath>/Defs/ThingDef[defName="VFE_IndustrialWoodFiredGenerator"][not(designatorDropdown)]</xpath>
								<value>
									<designatorDropdown>PatchPack_Power_Generator_Wood</designatorDropdown>
								</value>
							</li>
							<li Class="PatchOperationAdd">
								<success>Always</success>
								<xpath>/Defs/ThingDef[defName="WoodFiredGenerator"][not(designatorDropdown)]</xpath>
								<value>
									<designatorDropdown>PatchPack_Power_Generator_Wood</designatorDropdown>
								</value>
							</li>
							<li Class="PatchOperationAdd">
								<success>Always</success>
								<xpath>/Defs/ThingDef[defName="VFE_PortableChemfuelPoweredGenerator"][not(designatorDropdown)]</xpath>
								<value>
									<designatorDropdown>PatchPack_Power_Generator_Chem</designatorDropdown>
								</value>
							</li>
							<li Class="PatchOperationAdd">
								<success>Always</success>
								<xpath>/Defs/ThingDef[defName="VFE_IndustrialChemfuelPoweredGenerator"][not(designatorDropdown)]</xpath>
								<value>
									<designatorDropdown>PatchPack_Power_Generator_Chem</designatorDropdown>
								</value>
							</li>
							<li Class="PatchOperationAdd">
								<success>Always</success>
								<xpath>/Defs/ThingDef[defName="ChemfuelPoweredGenerator"][not(designatorDropdown)]</xpath>
								<value>
									<designatorDropdown>PatchPack_Power_Generator_Chem</designatorDropdown>
								</value>
							</li>
							<li Class="PatchOperationAdd">
								<success>Always</success>
								<xpath>/Defs/ThingDef[defName="SolarGenerator"][not(designatorDropdown)]</xpath>
								<value>
									<designatorDropdown>PatchPack_Power_Solar</designatorDropdown>
								</value>
							</li>
							<li Class="PatchOperationAdd">
								<success>Always</success>
								<xpath>/Defs/ThingDef[defName="VFE_AdvancedSolarGenerator"][not(designatorDropdown)]</xpath>
								<value>
									<designatorDropdown>PatchPack_Power_Solar</designatorDropdown>
								</value>
							</li>
							<li Class="PatchOperationAdd">
								<success>Always</success>
								<xpath>/Defs/ThingDef[defName="WindTurbine"][not(designatorDropdown)]</xpath>
								<value>
									<designatorDropdown>PatchPack_Power_Wind</designatorDropdown>
								</value>
							</li>
							<li Class="PatchOperationAdd">
								<success>Always</success>
								<xpath>/Defs/ThingDef[defName="VFE_AdvancedWindTurbine"][not(designatorDropdown)]</xpath>
								<value>
									<designatorDropdown>PatchPack_Power_Wind</designatorDropdown>
								</value>
							</li>
							<li Class="PatchOperationAdd">
								<success>Always</success>
								<xpath>/Defs/ThingDef[defName="WatermillGenerator"][not(designatorDropdown)]</xpath>
								<value>
									<designatorDropdown>PatchPack_Power_Water_Mill</designatorDropdown>
								</value>
							</li>
							<li Class="PatchOperationAdd">
								<success>Always</success>
								<xpath>/Defs/ThingDef[defName="VFE_AdvancedWatermillGenerator"][not(designatorDropdown)]</xpath>
								<value>
									<designatorDropdown>PatchPack_Power_Water_Mill</designatorDropdown>
								</value>
							</li>
							<li Class="PatchOperationAdd">
								<success>Always</success>
								<xpath>/Defs/ThingDef[defName="GeothermalGenerator"][not(designatorDropdown)]</xpath>
								<value>
									<designatorDropdown>PatchPack_Power_Geo_Thermal</designatorDropdown>
								</value>
							</li>
							<li Class="PatchOperationAdd">
								<success>Always</success>
								<xpath>/Defs/ThingDef[defName="VPE_AdvancedGeothermalGenerator"][not(designatorDropdown)]</xpath>
								<value>
									<designatorDropdown>PatchPack_Power_Geo_Thermal</designatorDropdown>
								</value>
							</li>
							<li Class="PatchOperationAdd">
								<success>Always</success>
								<xpath>/Defs/ThingDef[defName="VPE_HelixienGenerator"][not(designatorDropdown)]</xpath>
								<value>
									<designatorDropdown>PatchPack_Power_Helixien_Gas_Generators</designatorDropdown>
								</value>
							</li>
							<li Class="PatchOperationAdd">
								<success>Always</success>
								<xpath>/Defs/ThingDef[defName="VPE_IndustrialHelixienGenerator"][not(designatorDropdown)]</xpath>
								<value>
									<designatorDropdown>PatchPack_Power_Helixien_Gas_Generators</designatorDropdown>
								</value>
							</li>
						</operations>
				</match>
			</Operation>
		</caseTrue>
	</Operation>
	
	<!-- ######### Gas Pipes ######### -->
	
	<Operation Class="XmlExtensions.OptionalPatch">
		<modId>NiilosQoL</modId>
		<key>NiilosQoL_Settings_Group_Helixien_Gas_Pipes</key>
		<defaultValue>true</defaultValue>
		<caseTrue>
			<Operation Class="PatchOperationFindMod">
				<mods>
					<li>Vanilla Furniture Expanded - Power</li>
				</mods>
				<match Class="PatchOperationSequence">
					<operations>
						<li Class="PatchOperationAdd">
							<success>Always</success>
							<xpath>/Defs/ThingDef[defName="VPE_GasPipe"][not(designatorDropdown)]</xpath>
							<value>
								<designatorDropdown>PatchPack_Power_Helixien_Gas_Pipes</designatorDropdown>
							</value>
						</li>
						<li Class="PatchOperationAdd">
							<success>Always</success>
							<xpath>/Defs/ThingDef[defName="VPE_GasPipeSub"][not(designatorDropdown)]</xpath>
							<value>
								<designatorDropdown>PatchPack_Power_Helixien_Gas_Pipes</designatorDropdown>
							</value>
						</li>
					</operations>
				</match>
			</Operation>
		</caseTrue>
	</Operation>
	
	<!-- ######### Conduits ######### -->
	
	<Operation Class="XmlExtensions.OptionalPatch">
		<modId>NiilosQoL</modId>
		<key>NiilosQoL_Settings_Group_Conduits</key>
		<defaultValue>true</defaultValue>
		<caseTrue>
			<Operation Class="PatchOperationFindMod">
				<mods>
					<li>Underground Power Conduits</li>
				</mods>
				<nomatch Class="PatchOperationSequence">
					<operations>
						<li Class="PatchOperationAdd">
							<success>Always</success>
							<xpath>/Defs/ThingDef[defName="PowerConduit"][not(designatorDropdown)]</xpath>
							<value>
								<designatorDropdown>PowerConduits</designatorDropdown>
							</value>
						</li>
						<li Class="PatchOperationAdd">
							<success>Always</success>
							<xpath>/Defs/ThingDef[defName="WaterproofConduit"][not(designatorDropdown)]</xpath>
							<value>
								<designatorDropdown>PowerConduits</designatorDropdown>
							</value>
						</li>
					</operations>
				</nomatch>
			</Operation>
		</caseTrue>
	</Operation>
	
	<Operation Class="XmlExtensions.OptionalPatch">
		<modId>NiilosQoL</modId>
		<key>NiilosQoL_Settings_Group_Conduits</key>
		<defaultValue>true</defaultValue>
		<caseTrue>
			<Operation Class="PatchOperationFindMod">
				<mods>
					<li>Subsurface Conduit</li>
				</mods>
				<nomatch Class="PatchOperationSequence">
					<operations>
						<li Class="PatchOperationAdd">
							<success>Always</success>
							<xpath>/Defs/ThingDef[defName="PowerConduit"][not(designatorDropdown)]</xpath>
							<value>
								<designatorDropdown>PowerConduits</designatorDropdown>
							</value>
						</li>
						<li Class="PatchOperationAdd">
							<success>Always</success>
							<xpath>/Defs/ThingDef[defName="WaterproofConduit"][not(designatorDropdown)]</xpath>
							<value>
								<designatorDropdown>PowerConduits</designatorDropdown>
							</value>
						</li>
						<li Class="PatchOperationAdd">
							<success>Always</success>
							<xpath>/Defs/ThingDef[defName="MUR_SubsurfaceConduit"][not(designatorDropdown)]</xpath>
							<value>
								<designatorDropdown>PowerConduits</designatorDropdown>
							</value>
						</li>
						<li Class="PatchOperationAdd">
							<success>Always</success>
							<xpath>/Defs/ThingDef[defName="MUR_SubsurfaceConduitBuried"][not(designatorDropdown)]</xpath>
							<value>
								<designatorDropdown>PowerConduits</designatorDropdown>
							</value>
						</li>
					</operations>
				</nomatch>
			</Operation>
		</caseTrue>
	</Operation>
	
	<!-- ######### Switches ######### -->
	
	<Operation Class="XmlExtensions.OptionalPatch">
		<modId>NiilosQoL</modId>
		<key>NiilosQoL_Settings_Group_Switches</key>
		<defaultValue>true</defaultValue>
		<caseTrue>
			<Operation Class="PatchOperationFindMod">
				<mods>
					<li>Time-of-Day Switches</li>
				</mods>
				<match Class="PatchOperationSequence">
					<operations>
						<li Class="PatchOperationAdd">
							<success>Always</success>
							<xpath>/Defs/ThingDef[defName="TimerSwitch"][not(designatorDropdown)]</xpath>
							<value>
								<designatorDropdown>PatchPack_Switches</designatorDropdown>
							</value>
						</li>
						<li Class="PatchOperationAdd">
							<success>Always</success>
							<xpath>/Defs/ThingDef[defName="PowerSwitch"][not(designatorDropdown)]</xpath>
							<value>
								<designatorDropdown>PatchPack_Switches</designatorDropdown>
							</value>
						</li>
					</operations>
				</match>
			</Operation>
			<Operation Class="PatchOperationFindMod">
				<mods>
					<li>Temperature Gauge (Continued)</li>
					<li>Temperature Gauge</li>
				</mods>
				<match Class="PatchOperationSequence">
					<operations>
						<li Class="PatchOperationAdd">
							<success>Always</success>
							<xpath>/Defs/ThingDef[defName="TemperatureSwitch"][not(designatorDropdown)]</xpath>
							<value>
								<designatorDropdown>PatchPack_Switches</designatorDropdown>
							</value>
						</li>
						<li Class="PatchOperationAdd">
							<success>Always</success>
							<xpath>/Defs/ThingDef[defName="PowerSwitch"][not(designatorDropdown)]</xpath>
							<value>
								<designatorDropdown>PatchPack_Switches</designatorDropdown>
							</value>
						</li>
					</operations>
				</match>
			</Operation>
		</caseTrue>
	</Operation>
	
	<!-- ############################ Powerpp ############################ -->
	
	<Operation Class="XmlExtensions.OptionalPatch">
		<modId>NiilosQoL</modId>
		<key>NiilosQoL_Settings_Group_Powerpp</key>
		<defaultValue>true</defaultValue>
		<caseTrue>
			<Operation Class="PatchOperationFindMod">
				<mods>
					<li>Power++</li>
				</mods>
				<match Class="PatchOperationSequence">
					<operations>
						<li Class="PatchOperationAdd">
							<success>Always</success>
							<xpath>/Defs/ThingDef[defName="ARKPPP_WirelessPowerReceptor"][not(designatorDropdown)]</xpath>
							<value>
								<designatorDropdown>PatchPack_WPN_Receiver</designatorDropdown>
							</value>
						</li>
						<li Class="PatchOperationAdd">
							<success>Always</success>
							<xpath>/Defs/ThingDef[defName="ARKPPP_WirelessPortablePowerReceptor"][not(designatorDropdown)]</xpath>
							<value>
								<designatorDropdown>PatchPack_WPN_Receiver</designatorDropdown>
							</value>
						</li>
						<li Class="PatchOperationAdd">
							<success>Always</success>
							<xpath>/Defs/ThingDef[defName="ARKPPP_WirelessPowerEmitter"][not(designatorDropdown)]</xpath>
							<value>
								<designatorDropdown>PatchPack_WPN_Emitter</designatorDropdown>
							</value>
						</li>
						<li Class="PatchOperationAdd">
							<success>Always</success>
							<xpath>/Defs/ThingDef[defName="ARKPPP_WirelessPowerEmitterAdvanced"][not(designatorDropdown)]</xpath>
							<value>
								<designatorDropdown>PatchPack_WPN_Emitter</designatorDropdown>
							</value>
						</li>
						<li Class="PatchOperationAdd">
							<success>Always</success>
							<xpath>/Defs/ThingDef[defName="ARKPPP_LocalWirelessPowerEmitter"][not(designatorDropdown)]</xpath>
							<value>
								<designatorDropdown>PatchPack_LWPN_Emitter</designatorDropdown>
							</value>
						</li>
						<li Class="PatchOperationAdd">
							<success>Always</success>
							<xpath>/Defs/ThingDef[defName="ARKPPP_LocalWirelessPortablePowerEmitter"][not(designatorDropdown)]</xpath>
							<value>
								<designatorDropdown>PatchPack_LWPN_Emitter</designatorDropdown>
							</value>
						</li>
					</operations>
				</match>
			</Operation>
		</caseTrue>
	</Operation>
	
	
	<!-- ############################ Group Batteries ############################ -->	
	
	<Operation Class="XmlExtensions.OptionalPatch">
		<modId>NiilosQoL</modId>
		<key>NiilosQoL_Settings_Group_Batteries</key>
		<defaultValue>true</defaultValue>
		<caseTrue>
			<Operation Class="PatchOperationFindMod">
				<mods>
					<li>Project RimFactory Revived</li>
				</mods>
				<match Class="PatchOperationSequence">
					<operations>
						<li Class="XmlExtensions.PatchOperationSafeAdd">
							<xpath>/Defs/ThingDef[defName="Battery"]</xpath>
							<value>
								<designatorDropdown>PRF_BatteryGroup</designatorDropdown>
							</value>
						</li>
					</operations>
				</match>
			</Operation>
		</caseTrue>
	</Operation>
	
	<Operation Class="XmlExtensions.OptionalPatch">
		<modId>NiilosQoL</modId>
		<key>NiilosQoL_Settings_Group_Batteries</key>
		<defaultValue>true</defaultValue>
		<caseTrue>
			<Operation Class="PatchOperationFindMod">
				<mods>
					<li>Vanilla Furniture Expanded - Power</li>
				</mods>
				<match Class="PatchOperationSequence">
					<operations>
						<li Class="XmlExtensions.PatchOperationSafeAdd">
							<xpath>/Defs/ThingDef[defName="Battery"]</xpath>
							<value>
								<designatorDropdown>PRF_BatteryGroup</designatorDropdown>
							</value>
						</li>
						<li Class="XmlExtensions.PatchOperationSafeAdd">
							<xpath>/Defs/ThingDef[thingClass="Building_Battery"]</xpath>
							<value>
								<designatorDropdown>PRF_BatteryGroup</designatorDropdown>
							</value>
						</li>
						<li Class="XmlExtensions.PatchOperationSafeAdd">
							<xpath>/Defs/ThingDef[defName="VFE_SmallBattery"]</xpath>
							<value>
								<designatorDropdown>PRF_BatteryGroup</designatorDropdown>
							</value>
						</li>
					</operations>
				</match>
			</Operation>
		</caseTrue>
	</Operation>
	
	<!-- ############################ Group Torches ############################ -->	

	<Operation Class="XmlExtensions.OptionalPatch">
		<modId>NiilosQoL</modId>
		<key>NiilosQoL_Settings_Group_Torches</key>
		<defaultValue>true</defaultValue>
		<caseTrue>
			<Operation Class="PatchOperationAdd">
				<xpath>/Defs/ThingDef[@Name="TorchLamp"]</xpath>
				<value>
					<designatorDropdown>PatchPack_TorchLampGroup</designatorDropdown>
				</value>
			</Operation>
			
			<Operation Class="PatchOperationAdd">
				<xpath>/Defs/ThingDef[defName="TorchLamp"][not(designatorDropdown)]</xpath>
				<success>Always</success>
				<value>
					<designatorDropdown>PatchPack_TorchLampGroup</designatorDropdown>
				</value>
			</Operation>

			<Operation Class="PatchOperationFindMod">
				<mods>
					<li>Ideology</li>
				</mods>
				<match Class="PatchOperationSequence">
					<operations>
						<li Class="PatchOperationAdd">
							<success>Always</success>
							<xpath>/Defs/ThingDef[defName="Darktorch"][not(designatorDropdown)]</xpath>
							<value>
								<designatorDropdown>PatchPack_TorchLampGroup</designatorDropdown>
							</value>
						</li>
						<li Class="PatchOperationAdd">
							<success>Always</success>
							<xpath>/Defs/ThingDef[defName="DarktorchFungus"][not(designatorDropdown)]</xpath>
							<value>
								<designatorDropdown>PatchPack_TorchLampGroup</designatorDropdown>
							</value>
						</li>
					</operations>
				</match>
			</Operation>

			<Operation Class="PatchOperationFindMod">
				<mods>
					<li>Vanilla Factions Expanded - Medieval</li>
				</mods>
				<match Class="PatchOperationSequence">
					<operations>
						<li Class="PatchOperationAdd">
							<success>Always</success>
							<xpath>/Defs/ThingDef[defName="VFEM_WallTorchLamp"][not(designatorDropdown)]</xpath>
							<value>
								<designatorDropdown>PatchPack_TorchLampGroup</designatorDropdown>
							</value>
						</li>
					</operations>
				</match>
			</Operation>
		</caseTrue>
	</Operation>
	
	<!-- ############################ Group Lamps ############################ -->	

	<Operation Class="XmlExtensions.OptionalPatch">
		<modId>NiilosQoL</modId>
		<key>NiilosQoL_Settings_Group_SLamps</key>	
		<defaultValue>true</defaultValue>
		<caseTrue>
			<Operation Class="PatchOperationFindMod">
				<mods>
					<li>Ideology</li>
				</mods>
				<match Class="PatchOperationSequence">
					<operations>
					<li Class="XmlExtensions.PatchOperationSafeAdd">
						<success>Always</success>
						<xpath>/Defs/ThingDef[defName="StandingLamp"][not(designatorDropdown)]</xpath>
						<value>
							<designatorDropdown>PatchPack_LampGroup</designatorDropdown>
						</value>
					</li>
					<li Class="XmlExtensions.PatchOperationSafeAdd">
						<success>Always</success>
						<xpath>/Defs/ThingDef[defName="Darklamp"][not(designatorDropdown)]</xpath>
						<value>
							<designatorDropdown>PatchPack_LampGroup</designatorDropdown>
						</value>
					</li>
					</operations>
				</match>
			</Operation>

			<Operation Class="PatchOperationFindMod">
				<mods>
					<li>Vanilla Furniture Expanded</li>
				</mods>
				<match Class="PatchOperationSequence">
					<operations>
						<li Class="XmlExtensions.PatchOperationSafeAdd">
							<success>Always</success>
							<xpath>/Defs/ThingDef[defName="StandingLamp"][not(designatorDropdown)]</xpath>
							<value>
								<designatorDropdown>PatchPack_LampGroup</designatorDropdown>
							</value>
						</li>
						<li Class="XmlExtensions.PatchOperationSafeAdd">
							<success>Always</success>
							<xpath>/Defs/ThingDef[defName="Light_ModernLamp"][not(designatorDropdown)]</xpath>
							<value>
								<designatorDropdown>PatchPack_LampGroup</designatorDropdown>
							</value>
						</li>
					</operations>
				</match>
			</Operation>
			
			<Operation Class="PatchOperationFindMod">
				<mods>
					<li>Vanilla Furniture Expanded - Power</li>
				</mods>
				<match Class="PatchOperationSequence">
					<operations>
						<li Class="XmlExtensions.PatchOperationSafeAdd">
							<success>Always</success>
							<xpath>/Defs/ThingDef[defName="VPE_GasLamp"][not(designatorDropdown)]</xpath>
							<value>
								<designatorDropdown>PatchPack_LampGroup</designatorDropdown>
							</value>
						</li>
					</operations>
				</match>
			</Operation>
		</caseTrue>
	</Operation>
	
	<!-- ############################ Group Sun Lamps Start ############################ -->
	<!-- ############ Vanilla Furniture Expanded - Power ############ -->
	<Operation Class="XmlExtensions.OptionalPatch">
		<modId>NiilosQoL</modId>
		<key>NiilosQoL_Settings_Group_Sun_Lamps</key>
		<defaultValue>true</defaultValue>
		<caseTrue>
			<Operation Class="PatchOperationFindMod">
				<mods>
					<li>Vanilla Furniture Expanded - Power</li>
				</mods>
				<match Class="PatchOperationSequence">
					<operations>
						<li Class="XmlExtensions.PatchOperationSafeAdd">
							<success>Always</success>
							<xpath>/Defs/ThingDef[defName="SunLamp"][not(designatorDropdown)]</xpath>
							<value>
								<designatorDropdown>PatchPack_Sun_LampGroup</designatorDropdown>
							</value>
						</li>
						<li Class="XmlExtensions.PatchOperationSafeAdd">
							<success>Always</success>
							<xpath>/Defs/ThingDef[defName="VPE_GasSunLamp"][not(designatorDropdown)]</xpath>
							<value>
								<designatorDropdown>PatchPack_Sun_LampGroup</designatorDropdown>
							</value>
						</li>
					</operations>
				</match>
			</Operation>
		</caseTrue>
	</Operation>
	<!-- ############ Vanilla Furniture Expanded - Spacer ############ -->
	<Operation Class="XmlExtensions.OptionalPatch">
		<modId>NiilosQoL</modId>
		<key>NiilosQoL_Settings_Group_Sun_Lamps</key>
		<defaultValue>true</defaultValue>
		<caseTrue>
			<Operation Class="PatchOperationFindMod">
				<mods>
					<li>Vanilla Furniture Expanded - Spacer Module</li>
					<li>Vanilla Furniture Expanded - Spacer</li>
				</mods>
				<match Class="PatchOperationSequence">
					<operations>
						<li Class="XmlExtensions.PatchOperationSafeAdd">
							<success>Always</success>
							<xpath>/Defs/ThingDef[defName="SunLamp"][not(designatorDropdown)]</xpath>
							<value>
								<designatorDropdown>PatchPack_Sun_LampGroup</designatorDropdown>
							</value>
						</li>
						<li Class="XmlExtensions.PatchOperationAddOrReplace">
							<success>Always</success>
							<xpath>/Defs/ThingDef[defName="Spacer_SunLamp"]</xpath>
							<value>
								<designationCategory>Furniture</designationCategory>
							</value>
						</li>
						<li Class="XmlExtensions.PatchOperationSafeAdd">
							<success>Always</success>
							<xpath>/Defs/ThingDef[defName="Spacer_SunLamp"][not(designatorDropdown)]</xpath>
							<value>
								<designatorDropdown>PatchPack_Sun_LampGroup</designatorDropdown>
							</value>
						</li>
					</operations>
				</match>
			</Operation>
		</caseTrue>
	</Operation>
	<!-- ############ Wall Light ############ -->
	<Operation Class="XmlExtensions.OptionalPatch">
		<modId>NiilosQoL</modId>
		<key>NiilosQoL_Settings_Group_Sun_Lamps</key>
		<defaultValue>true</defaultValue>
		<caseTrue>
			<Operation Class="PatchOperationFindMod">
				<mods>
					<li>Wall Light</li>
				</mods>
				<match Class="PatchOperationSequence">
					<operations>
						<li Class="XmlExtensions.PatchOperationSafeAdd">
							<success>Always</success>
							<xpath>/Defs/ThingDef[defName="SunLamp"][not(designatorDropdown)]</xpath>
							<value>
								<designatorDropdown>PatchPack_Sun_LampGroup</designatorDropdown>
							</value>
						</li>
						<li Class="XmlExtensions.PatchOperationSafeAdd">
							<success>Always</success>
							<xpath>/Defs/ThingDef[defName="Lighting_MURWallSunLight"][not(designatorDropdown)]</xpath>
							<value>
								<designatorDropdown>PatchPack_Sun_LampGroup</designatorDropdown>
							</value>
						</li>
					</operations>
				</match>
			</Operation>
		</caseTrue>
	</Operation>
	<!-- ############ Project RimFactory Revived ############ -->
	<Operation Class="XmlExtensions.OptionalPatch">
		<modId>NiilosQoL</modId>
		<key>NiilosQoL_Settings_Group_Sun_Lamps</key>
		<defaultValue>true</defaultValue>
		<caseTrue>
			<Operation Class="PatchOperationFindMod">
				<mods>
					<li>Project RimFactory Revived</li>
					<li>Project RimFactory</li>
				</mods>
				<match Class="PatchOperationSequence">
					<operations>
						<li Class="XmlExtensions.PatchOperationSafeAdd">
							<success>Always</success>
							<xpath>/Defs/ThingDef[defName="SunLamp"][not(designatorDropdown)]</xpath>
							<value>
								<designatorDropdown>PatchPack_Sun_LampGroup</designatorDropdown>
							</value>
						</li>
						<li Class="XmlExtensions.PatchOperationSafeAdd">
							<success>Always</success>
							<xpath>/Defs/ThingDef[defName="PRF_SunWallLight"][not(designatorDropdown)]</xpath>
							<value>
								<designatorDropdown>PatchPack_Sun_LampGroup</designatorDropdown>
							</value>
						</li>
					</operations>
				</match>
			</Operation>
		</caseTrue>
	</Operation>
	<!-- ############################ Group Sun Lamps End ############################ -->
	
	<!-- ############################ Group Wall Lamps Start ############################ -->	
	<!-- ############ Project RimFactory Revived | Vanilla Furniture Expanded - Power############ -->
	<Operation Class="XmlExtensions.OptionalPatch">
		<modId>NiilosQoL</modId>
		<key>NiilosQoL_Settings_Group_Wall_Lamps</key>
		<defaultValue>true</defaultValue>
		<caseTrue>
			<Operation Class="PatchOperationFindMod">
				<mods>
					<li>Project RimFactory Revived</li>
				</mods>
				<match Class="PatchOperationFindMod">
					<mods>
						<li>Vanilla Furniture Expanded - Power</li>
					</mods>
					<match Class="PatchOperationSequence">
						<operations>
							<li Class="PatchOperationAdd">
								<success>Always</success>
								<xpath>/Defs/ThingDef[defName="PRF_WallLight"][not(designatorDropdown)]</xpath>
								<value>
									<designatorDropdown>MURWallLights</designatorDropdown>
								</value>
							</li>
							<li Class="PatchOperationAdd">
								<success>Always</success>
								<xpath>/Defs/ThingDef[defName="VPE_GasWallLight"][not(designatorDropdown)]</xpath>
								<value>
									<designatorDropdown>MURWallLights</designatorDropdown>
								</value>
							</li>
							<li Class="PatchOperationAdd">
								<success>Always</success>
								<xpath>/Defs/ThingDef[defName="VPE_GasWallDarkLight"][not(designatorDropdown)]</xpath>
								<value>
									<designatorDropdown>MURWallLights</designatorDropdown>
								</value>
							</li>
						</operations>
					</match>
				</match>
			</Operation>
		</caseTrue>
	</Operation>
	
	<Operation Class="XmlExtensions.OptionalPatch">
		<modId>NiilosQoL</modId>
		<key>NiilosQoL_Settings_Group_Wall_Lamps</key>
		<defaultValue>true</defaultValue>
		<caseTrue>
			<Operation Class="PatchOperationFindMod">
				<mods>
					<li>Core</li>
				</mods>
				<match Class="PatchOperationFindMod">
					<mods>
						<li>Vanilla Furniture Expanded - Power</li>
					</mods>
					<match Class="PatchOperationSequence">
						<operations>
							<li Class="PatchOperationAdd">
								<success>Always</success>
								<xpath>/Defs/ThingDef[defName="VPE_GasWallLight"][not(designatorDropdown)]</xpath>
								<value>
									<designatorDropdown>MURWallLights</designatorDropdown>
								</value>
							</li>
							<li Class="PatchOperationAdd">
								<success>Always</success>
								<xpath>/Defs/ThingDef[defName="VPE_GasWallDarkLight"][not(designatorDropdown)]</xpath>
								<value>
									<designatorDropdown>MURWallLights</designatorDropdown>
								</value>
							</li>
						</operations>
					</match>
				</match>
			</Operation>
		</caseTrue>
	</Operation>
	<!-- ############################ Group Wall Lamps End ############################ -->	

	<!-- ############################ Group Radios Start ############################ -->	
	<!-- ############ Vanilla Furniture Expanded ############ -->
	<Operation Class="XmlExtensions.OptionalPatch">
		<modId>NiilosQoL</modId>
		<key>NiilosQoL_Settings_Group_Radios</key>
		<defaultValue>true</defaultValue>
		<caseTrue>
			<Operation Class="PatchOperationFindMod">
				<mods>
					<li>Vanilla Furniture Expanded</li>
				</mods>
				<match Class="PatchOperationSequence">
					<operations>
						<li Class="PatchOperationAdd">
							<success>Always</success>
							<xpath>/Defs/ThingDef[defName="Radio_Spacer"][not(designatorDropdown)]</xpath>
							<value>
								<designatorDropdown>PatchPack_RecreationRadioGroup</designatorDropdown>
							</value>
						</li>
						<li Class="PatchOperationAdd">
							<success>Always</success>
							<xpath>/Defs/ThingDef[defName="Radio_Industrial"][not(designatorDropdown)]</xpath>
							<value>
								<designatorDropdown>PatchPack_RecreationRadioGroup</designatorDropdown>
							</value>
						</li>
					</operations>
				</match>
			</Operation>
		</caseTrue>
	</Operation>
	<!-- ############################ Group Radios End ############################ -->	
	
	<!-- ############################ Group Disco Start ############################ -->
	<!-- ############ Ideology ############ -->
	<Operation Class="XmlExtensions.OptionalPatch">
		<modId>NiilosQoL</modId>
		<key>NiilosQoL_Settings_Group_Disco</key>
		<defaultValue>true</defaultValue>
		<caseTrue>
			<Operation Class="PatchOperationFindMod">
				<mods>
					<li>Ideology</li>
				</mods>
				<match Class="PatchOperationSequence">
					<operations>
						<li Class="PatchOperationAdd">
							<success>Always</success>
							<xpath>/Defs/ThingDef[defName="LightBall"][not(designatorDropdown)]</xpath>
							<value>
								<designatorDropdown>PatchPack_Disco</designatorDropdown>
							</value>
						</li>
						<li Class="PatchOperationAdd">
							<success>Always</success>
							<xpath>/Defs/ThingDef[defName="Loudspeaker"][not(designatorDropdown)]</xpath>
							<value>
								<designatorDropdown>PatchPack_Disco</designatorDropdown>
							</value>
						</li>
					</operations>
				</match>
			</Operation>
		</caseTrue>
	</Operation>
	<!-- ############################ Group Disco Start ############################ -->
	
	<!-- ############################ Group TVs Start ############################ -->
	<Operation Class="XmlExtensions.OptionalPatch">
		<modId>NiilosQoL</modId>
		<key>NiilosQoL_Settings_Group_TVs</key>
		<defaultValue>true</defaultValue>
		<caseTrue>
			<!-- ############ Core ############ -->
			<Operation Class="PatchOperationAdd">
				<xpath>/Defs/ThingDef[defName="TubeTelevision"][not(designatorDropdown)]</xpath>
				<value>
					<designatorDropdown>PatchPack_RecreationTVGroup</designatorDropdown>
				</value>
			</Operation>
			<Operation Class="PatchOperationAdd">
				<xpath>/Defs/ThingDef[defName="FlatscreenTelevision"][not(designatorDropdown)]</xpath>
				<value>
					<designatorDropdown>PatchPack_RecreationTVGroup</designatorDropdown>
				</value>
			</Operation>
			<Operation Class="PatchOperationAdd">
				<xpath>/Defs/ThingDef[defName="MegascreenTelevision"][not(designatorDropdown)]</xpath>
				<value>
					<designatorDropdown>PatchPack_RecreationTVGroup</designatorDropdown>
				</value>
			</Operation>
			<!-- ############ Vanilla Furniture Expanded - Spacer ############ -->
			<Operation Class="PatchOperationFindMod">
				<mods>
					<li>Vanilla Furniture Expanded - Spacer Module</li>
					<li>Vanilla Furniture Expanded - Spacer</li>
				</mods>
				<match Class="XmlExtensions.Conditional">
					<xpath>/Defs/ThingDef[defName="UltrascreenTV"]</xpath>
					<caseTrue> 
						<Operation Class="PatchOperationSequence">
							<operations>
								<li Class="PatchOperationReplace">
									<xpath>/Defs/ThingDef[defName="UltrascreenTV"]/designationCategory</xpath>
									<success>Always</success>
									<value>
										<designationCategory>Joy</designationCategory>
									</value>
								</li>
								<li Class="PatchOperationAdd">
									<xpath>/Defs/ThingDef[defName="UltrascreenTV"][not(designatorDropdown)]</xpath>
									<success>Always</success>
									<value>
										<designatorDropdown>PatchPack_RecreationTVGroup</designatorDropdown>
									</value>
								</li>
							</operations>
						</Operation>
					</caseTrue>
				</match>
			</Operation>
		</caseTrue>
	</Operation>
	
	<!-- ############################ Group Holodecks ############################ -->

	<Operation Class="XmlExtensions.OptionalPatch">
		<modId>NiilosQoL</modId>
		<key>NiilosQoL_Settings_Group_Holodecks</key>
		<defaultValue>true</defaultValue>
		<caseTrue>		
			<Operation Class="PatchOperationFindMod">
				<mods>
					<li>Save Our Ship 2</li>
				</mods>
				<match Class="PatchOperationSequence">
					<operations>
						<li Class="PatchOperationAdd">
							<success>Always</success>
							<xpath>/Defs/ThingDef[defName="Holodeck_Basic"][not(designatorDropdown)]</xpath>
							<value>
								<designatorDropdown>PatchPack_HolodeckGroup</designatorDropdown>
							</value>
						</li>
						<li Class="PatchOperationAdd">
							<success>Always</success>
							<xpath>/Defs/ThingDef[defName="Holodeck_Standard"][not(designatorDropdown)]</xpath>
							<value>
								<designatorDropdown>PatchPack_HolodeckGroup</designatorDropdown>
							</value>
						</li>
						<li Class="PatchOperationAdd">
							<success>Always</success>
							<xpath>/Defs/ThingDef[defName="Holodeck_AI"][not(designatorDropdown)]</xpath>
							<value>
								<designatorDropdown>PatchPack_HolodeckGroup</designatorDropdown>
							</value>
						</li>
					</operations>
				</match>
			</Operation>
		</caseTrue>
	</Operation>
		
	<!-- ############################ Group IEDs ############################ -->
	
	<Operation Class="XmlExtensions.OptionalPatch">
		<modId>NiilosQoL</modId>
		<key>NiilosQoL_Settings_Group_IEDs</key>
		<defaultValue>true</defaultValue>
		<caseTrue>		
			<Operation Class="PatchOperationAdd">
				<success>Always</success>
				<xpath>/Defs/ThingDef[@Name="TrapIEDBase"][not(designatorDropdown)]</xpath>
				<value>
					<designatorDropdown>PatchPack_SecurityIEDGroup</designatorDropdown>
				</value>
			</Operation>

			<Operation Class="PatchOperationAdd">
				<success>Always</success>
				<xpath>/Defs/ThingDef[defName="TrapIED_HighExplosive"][not(designatorDropdown)]</xpath>
				<value>
					<designatorDropdown>PatchPack_SecurityIEDGroup</designatorDropdown>
				</value>
			</Operation>

			<Operation Class="PatchOperationAdd">
				<success>Always</success>
				<xpath>/Defs/ThingDef[defName="TrapIED_Incendiary"][not(designatorDropdown)]</xpath>
				<value>
					<designatorDropdown>PatchPack_SecurityIEDGroup</designatorDropdown>
				</value>
			</Operation>

			<Operation Class="PatchOperationAdd">
				<success>Always</success>
				<xpath>/Defs/ThingDef[defName="TrapIED_EMP"][not(designatorDropdown)]</xpath>
				<value>
					<designatorDropdown>PatchPack_SecurityIEDGroup</designatorDropdown>
				</value>
			</Operation>
				
			<Operation Class="PatchOperationAdd">
				<success>Always</success>
				<xpath>/Defs/ThingDef[defName="TrapIED_Smoke"][not(designatorDropdown)]</xpath>
				<value>
					<designatorDropdown>PatchPack_SecurityIEDGroup</designatorDropdown>
				</value>
			</Operation>
				
			<Operation Class="PatchOperationAdd">
				<success>Always</success>
				<xpath>/Defs/ThingDef[defName="TrapIED_Firefoam"][not(designatorDropdown)]</xpath>
				<value>
					<designatorDropdown>PatchPack_SecurityIEDGroup</designatorDropdown>
				</value>
			</Operation>
				
			<Operation Class="PatchOperationAdd">
				<success>Always</success>
				<xpath>/Defs/ThingDef[defName="TrapIED_AntigrainWarhead"][not(designatorDropdown)]</xpath>
				<value>
					<designatorDropdown>PatchPack_SecurityIEDGroup</designatorDropdown>
				</value>
			</Operation>

			<Operation Class="PatchOperationFindMod">
				<mods>
					<li>Vanilla Furniture Expanded - Security</li>
				</mods>
				<match Class="PatchOperationSequence">
					<operations>
						<li Class="PatchOperationAdd">
							<success>Always</success>
							<xpath>/Defs/ThingDef[defName="VFES_Landmine"][not(designatorDropdown)]</xpath>
							<value>
								<designatorDropdown>PatchPack_SecurityIEDGroup</designatorDropdown>
							</value>
						</li>
					</operations>
				</match>
			</Operation>
		</caseTrue>
	</Operation>
	
	<!-- ############################ Group Floors ############################ -->
	<Operation Class="XmlExtensions.OptionalPatch">
		<modId>NiilosQoL</modId>
		<key>NiilosQoL_Settings_Group_Floors</key>
		<defaultValue>true</defaultValue>
		<caseTrue>		
			<Operation Class="PatchOperationFindMod">
				<mods>
					<li>Tropi[CKAPP] Rainforest Mod (Continued)</li>
					<li>Tropi[CKAPP] Rainforest Mod</li>
				</mods>
				<match Class="PatchOperationSequence">
					<operations>
						<li Class="PatchOperationAdd">
							<xpath>/Defs/ThingDef[defName="CK_TrampledEarthWithLine"][not(designatorDropdown)]</xpath>
							<success>Always</success>
							<value>
								<designatorDropdown>PatchPack_DirtGroup</designatorDropdown>
							</value>
						</li>
						<li Class="PatchOperationAdd">
							<xpath>/Defs/ThingDef[defName="CK_PackedDirt"][not(designatorDropdown)]</xpath>
							<success>Always</success>
							<value>
								<designatorDropdown>PatchPack_DirtGroup</designatorDropdown>
							</value>
						</li>
					</operations>
				</match>
			</Operation>
			<!--#######################################################-->
			<Operation Class="PatchOperationFindMod">
				<mods>
					<li>Tilled Soil</li>
				</mods>
				<match Class="PatchOperationSequence">
					<operations>
						<li Class="PatchOperationAdd">
							<success>Always</success>
							<xpath>/Defs/TerrainDef[defName="Dirt"][not(designatorDropdown)]</xpath>
							<value>
								<designatorDropdown>PatchPack_DirtGroup</designatorDropdown>
							</value>
						</li>
						<li Class="PatchOperationAdd">
							<success>Always</success>
							<xpath>/Defs/TerrainDef[defName="GT_SoilTilled"][not(designatorDropdown)]</xpath>
							<value>
								<designatorDropdown>PatchPack_DirtGroup</designatorDropdown>
							</value>
						</li>
					</operations>
				</match>
			</Operation>
			
			<!--#######################################################-->
			
			<Operation Class="PatchOperationFindMod">
				<mods>
					<li>Niilo's Misc Stuff</li>
				</mods>
				<match Class="PatchOperationSequence">
					<operations>
						<li Class="PatchOperationAdd">
							<success>Always</success>
							<xpath>/Defs/TerrainDef[defName="NMS_Tilled_SoilN"][not(designatorDropdown)]</xpath>
							<value>
								<designatorDropdown>PatchPack_DirtGroup</designatorDropdown>
							</value>
						</li>
						<li Class="PatchOperationAdd">
							<success>Always</success>
							<xpath>/Defs/TerrainDef[defName="Soil"][not(designatorDropdown)]</xpath>
							<value>
								<designatorDropdown>PatchPack_DirtGroup</designatorDropdown>
							</value>
						</li>
					</operations>
				</match>
			</Operation>
			<!--#######################################################-->
			<Operation Class="PatchOperationFindMod">
				<mods>
					<li>Vanilla Furniture Expanded - Architect</li>
				</mods>
				<match Class="PatchOperationSequence">
					<operations>
						<li Class="PatchOperationAdd">
							<xpath>/Defs/TerrainDef[defName="VFEArch_Asphalt"][not(designatorDropdown)]</xpath>
							<success>Always</success>
							<value>
								<designatorDropdown>PatchPack_AsphaltGroup</designatorDropdown>
							</value>
						</li>
						<li Class="PatchOperationAdd">
							<xpath>/Defs/TerrainDef[defName="VFEArch_PlayerBrokenAsphalt"][not(designatorDropdown)]</xpath>
							<success>Always</success>
							<value>
								<designatorDropdown>PatchPack_AsphaltGroup</designatorDropdown>
							</value>
						</li>
						<li Class="PatchOperationAdd">
							<xpath>/Defs/TerrainDef[defName="VFEArch_PlayerPackedDirt"][not(designatorDropdown)]</xpath>
							<success>Always</success>
							<value>
								<designatorDropdown>PatchPack_DirtGroup</designatorDropdown>
							</value>
						</li>
						<li Class="PatchOperationAdd">
							<xpath>/Defs/TerrainDef[defName="VFEArch_Grass"][not(designatorDropdown)]</xpath>
							<success>Always</success>
							<value>
								<designatorDropdown>PatchPack_DirtGroup</designatorDropdown>
							</value>
						</li>
						<li Class="PatchOperationAdd">
							<xpath>/Defs/TerrainDef[defName="VFEArch_LawnPlot"][not(designatorDropdown)]</xpath>
							<success>Always</success>
							<value>
								<designatorDropdown>PatchPack_DirtGroup</designatorDropdown>
							</value>
						</li>
					</operations>
				</match>
			</Operation>
			
			<Operation Class="PatchOperationFindMod">
				<mods>
					<li>Save Our Ship 2</li>
				</mods>
				<match Class="PatchOperationSequence">
					<operations>
						<li Class="PatchOperationAdd">
							<xpath>/Defs/TerrainDef[defName="SoilShip"][not(designatorDropdown)]</xpath>
							<success>Always</success>
							<value>
								<designatorDropdown>PatchPack_DirtGroup</designatorDropdown>
							</value>
						</li>
					</operations>
				</match>
			</Operation>
			
			<Operation Class="PatchOperationFindMod">
				<mods>
					<li>Floored - Yellow and Striped Tiles Only [1.0+]</li>
				</mods>
				<match Class="PatchOperationFindMod">
					<mods>
						<li>Project RimFactory Revived</li>
					</mods>
					<match Class="PatchOperationSequence">
						<!--<success>Always</success>-->
						<operations>
							<li Class="PatchOperationAdd">
								<xpath>/Defs/TerrainDef[defName="YellowTile"]</xpath>
								<value>
									<designatorDropdown>PRF_StripedFloorGroup</designatorDropdown>
								</value>
							</li>
							<li Class="PatchOperationRemove">
								<xpath>/Defs/TerrainDef[defName="StripedTile"]</xpath>
							</li>
						</operations>
					</match>
				</match>
			</Operation>
		</caseTrue>
	</Operation>
	
	<!-- ############################ Move Guards For Me spots to [CM] Spots Tab ############################ -->
	
	<Operation Class="XmlExtensions.OptionalPatch">
		<modId>NiilosQoL</modId>
		<key>NiilosQoL_Settings_Move_Guard_Spots</key>
		<defaultValue>true</defaultValue>
		<caseTrue>
			<Operation Class="PatchOperationFindMod"> <!-- If using Guards For Me -->
				<mods>
					<li>Guards For Me</li>
				</mods>
				<match Class="PatchOperationFindMod"> <!-- If using Spots Tab -->
					<mods>
						<li>[CM] Spots Tab</li>
					</mods>
					<match Class="PatchOperationSequence"> <!-- Move guard spots to CM_SpotsTab -->
						<operations>
							<li Class="PatchOperationReplace">
								<xpath>/Defs/ThingDef[@Name="GFM_GuardSpotBase"]/designationCategory</xpath>
								<value>
									<designationCategory>CM_SpotsTab</designationCategory>
								</value>
							</li>
							<li Class="PatchOperationReplace">
								<xpath>/Defs/ThingDef[@Name="GFM_PatrolBase"]/designationCategory</xpath>
								<value>
									<designationCategory>CM_SpotsTab</designationCategory>
								</value>
							</li>
						</operations>
					</match>
					<nomatch Class="XmlExtensions.OptionalPatch"> <!-- Else If Spots Tab setting is enabled -->
						<modId>NiilosQoL</modId>
						<key>NiilosQoL_Settings_Spots_Tab</key>
						<defaultValue>true</defaultValue>
						<caseTrue>
							<li Class="PatchOperationSequence"> <!-- Move guard spots to NQoL_Spots -->
								<operations>
									<li Class="PatchOperationReplace">
										<xpath>/Defs/ThingDef[@Name="GFM_GuardSpotBase"]/designationCategory</xpath>
										<value>
											<designationCategory>NQoL_Spots</designationCategory>
										</value>
									</li>
									<li Class="PatchOperationReplace">
										<xpath>/Defs/ThingDef[@Name="GFM_PatrolBase"]/designationCategory</xpath>
										<value>
											<designationCategory>NQoL_Spots</designationCategory>
										</value>
									</li>
								</operations>
							</li>
						</caseTrue>
					</nomatch>
				</match>
			</Operation>
		</caseTrue>
	</Operation>
	
	<!-- ############################ Linkables ############################ -->	
	
	<Operation Class="XmlExtensions.OptionalPatch">
		<modId>NiilosQoL</modId>
		<key>NiilosQoL_Settings_Group_Linkables</key>
		<defaultValue>true</defaultValue>
		<caseTrue>
			<Operation Class="PatchOperationFindMod">
				<mods>
					<li>More Linkables</li>
				</mods>
				<match Class="PatchOperationSequence">
					<operations>
						<li Class="PatchOperationAdd">
							<xpath>/Defs/ThingDef[defName="ToolCabinetA"][not(designatorDropdown)]</xpath>
							<success>Always</success>
							<value>
								<designatorDropdown>PatchPack_ToolCabinetGroup</designatorDropdown>
							</value>
						</li>
						<li Class="PatchOperationAdd">
							<xpath>/Defs/ThingDef[defName="ToolCabinetB"][not(designatorDropdown)]</xpath>
							<success>Always</success>
							<value>
								<designatorDropdown>PatchPack_ToolCabinetGroup</designatorDropdown>
							</value>
						</li>
						<li Class="PatchOperationAdd">
							<xpath>/Defs/ThingDef[defName="ToolCabinetC"][not(designatorDropdown)]</xpath>
							<success>Always</success>
							<value>
								<designatorDropdown>PatchPack_ToolCabinetGroup</designatorDropdown>
							</value>
						</li>
						<li Class="PatchOperationAdd">
							<xpath>/Defs/ThingDef[defName="ToolCabinet"][not(designatorDropdown)]</xpath>
							<success>Always</success>
							<value>
								<designatorDropdown>PatchPack_ToolCabinetGroup</designatorDropdown>
							</value>
						</li>
						<li Class="PatchOperationAdd">
							<xpath>/Defs/ThingDef[defName="MultiAnalyzer"][not(designatorDropdown)]</xpath>
							<success>Always</success>
							<value>
								<designatorDropdown>PatchPack_MultiAnalyzerGroup</designatorDropdown>
							</value>
						</li>
						<li Class="PatchOperationAdd">
							<xpath>/Defs/ThingDef[defName="AdvancedMultiAnalyzer"][not(designatorDropdown)]</xpath>
							<success>Always</success>
							<value>
								<designatorDropdown>PatchPack_MultiAnalyzerGroup</designatorDropdown>
							</value>
						</li>
					</operations>
				</match>
			</Operation>
		</caseTrue>
	</Operation>
	
	<!-- ############################ Production ############################ -->
	
	<!-- ######### Smithing ######### -->
	
	<Operation Class="XmlExtensions.OptionalPatch">
		<modId>NiilosQoL</modId>
		<key>NiilosQoL_Settings_Group_Smithing</key>
		<defaultValue>true</defaultValue>
		<caseTrue>
			<Operation Class="PatchOperationSequence">	
				<operations>
					<li Class="XmlExtensions.Conditional">
						<xpath>/Defs/ThingDef[defName="FueledSmithy"]</xpath>
						<caseTrue> 
							<Operation Class="PatchOperationAdd">
								<xpath>/Defs/ThingDef[defName="FueledSmithy"][not(designatorDropdown)]</xpath>
								<success>Always</success>
								<value>
									<designatorDropdown>PatchPack_Smithing</designatorDropdown>
								</value>
							</Operation>
						</caseTrue>
					</li>
					<li Class="XmlExtensions.Conditional">
						<xpath>/Defs/ThingDef[defName="ElectricSmithy"]</xpath>
						<caseTrue> 
							<Operation Class="PatchOperationAdd">
								<xpath>/Defs/ThingDef[defName="ElectricSmithy"][not(designatorDropdown)]</xpath>
								<success>Always</success>
								<value>
									<designatorDropdown>PatchPack_Smithing</designatorDropdown>
								</value>
							</Operation>
						</caseTrue>
					</li>
				</operations>
			</Operation>
			<Operation Class="PatchOperationFindMod">	
				<mods>
					<li>Core</li>
				</mods>
				<match Class="PatchOperationFindMod">		
					<mods>
						<li>Vanilla Furniture Expanded - Production</li>					
					</mods>
					<match Class="PatchOperationSequence">	
						<operations>
							<li Class="XmlExtensions.Conditional">
								<xpath>/Defs/ThingDef[defName="VFE_TableSmithyLarge"]</xpath>
								<caseTrue> 
									<Operation Class="PatchOperationAdd">
										<xpath>/Defs/ThingDef[defName="VFE_TableSmithyLarge"][not(designatorDropdown)]</xpath>
										<success>Always</success>
										<value>
											<designatorDropdown>PatchPack_Smithing</designatorDropdown>
										</value>
									</Operation>
								</caseTrue>
							</li>
						</operations>
					</match>
				</match>
			</Operation>
			<Operation Class="PatchOperationFindMod">	
				<mods>
					<li>Core</li>
				</mods>
				<match Class="PatchOperationFindMod">		
					<mods>
						<li>Vanilla Furniture Expanded - Power</li>	
						<li>Vanilla Furniture Expanded - Power Module</li>
					</mods>
					<match Class="PatchOperationSequence">	
						<operations>
							<li Class="XmlExtensions.Conditional">
								<xpath>/Defs/ThingDef[defName="VPE_GasSmithy"]</xpath>
								<caseTrue> 
									<Operation Class="PatchOperationAdd">
										<xpath>/Defs/ThingDef[defName="VPE_GasSmithy"][not(designatorDropdown)]</xpath>
										<success>Always</success>
										<value>
											<designatorDropdown>PatchPack_Smithing</designatorDropdown>
										</value>
									</Operation>
								</caseTrue>
							</li>
						</operations>
					</match>
				</match>
			</Operation>
		</caseTrue>
	</Operation>
	
	<!-- ######### Machining ######### -->
	
	<Operation Class="XmlExtensions.OptionalPatch">
		<modId>NiilosQoL</modId>
		<key>NiilosQoL_Settings_Group_Machining</key>
		<defaultValue>true</defaultValue>
		<caseTrue>
			<Operation Class="PatchOperationFindMod">	
				<mods>
					<li>Core</li>
				</mods>
				<match Class="PatchOperationFindMod">		
					<mods>
						<li>Vanilla Furniture Expanded - Production</li>					
					</mods>
					<match Class="PatchOperationSequence">	
						<operations>
							<li Class="XmlExtensions.Conditional"><!-- Add A Mod Dropdown -->
								<xpath>/Defs/ThingDef[defName="TableMachining"]</xpath>
								<caseTrue> 
									<Operation Class="PatchOperationAdd">
										<xpath>/Defs/ThingDef[defName="TableMachining"][not(designatorDropdown)]</xpath>
										<success>Always</success>
										<value>
											<designatorDropdown>PatchPack_Machining</designatorDropdown>
										</value>
									</Operation>
								</caseTrue>
							</li>
							<li Class="XmlExtensions.Conditional"><!-- Add A Mod Dropdown -->
								<xpath>/Defs/ThingDef[defName="VFE_TableMachiningLarge"]</xpath>
								<caseTrue> 
									<Operation Class="PatchOperationAdd">
										<xpath>/Defs/ThingDef[defName="VFE_TableMachiningLarge"][not(designatorDropdown)]</xpath>
										<success>Always</success>
										<value>
											<designatorDropdown>PatchPack_Machining</designatorDropdown>
										</value>
									</Operation>
								</caseTrue>
							</li>
						</operations>
					</match>
				</match>
			</Operation>
		</caseTrue>
	</Operation>
	
	<!-- ######### Cooking ######### -->
	
	<Operation Class="XmlExtensions.OptionalPatch">
		<modId>NiilosQoL</modId>
		<key>NiilosQoL_Settings_Group_Cooking</key>
		<defaultValue>true</defaultValue>
		<caseTrue>
			<Operation Class="PatchOperationSequence">	
				<operations>
					<li Class="XmlExtensions.Conditional"><!-- Add A Vanilla Dropdown -->
						<xpath>/Defs/ThingDef[defName="FueledStove"]</xpath>
						<caseTrue> 
							<Operation Class="PatchOperationAdd">
								<xpath>/Defs/ThingDef[defName="FueledStove"][not(designatorDropdown)]</xpath>
								<success>Always</success>
								<value>
									<designatorDropdown>PatchPack_Cooking</designatorDropdown>
								</value>
							</Operation>
						</caseTrue>
					</li>
					<li Class="XmlExtensions.Conditional"><!-- Add A Vanilla Dropdown -->
						<xpath>/Defs/ThingDef[defName="ElectricStove"]</xpath>
						<caseTrue> 
							<Operation Class="PatchOperationAdd">
								<xpath>/Defs/ThingDef[defName="ElectricStove"][not(designatorDropdown)]</xpath>
								<success>Always</success>
								<value>
									<designatorDropdown>PatchPack_Cooking</designatorDropdown>
								</value>
							</Operation>
						</caseTrue>
					</li>
				</operations>
			</Operation>
			<Operation Class="PatchOperationFindMod">	
				<mods>
					<li>Core</li>
				</mods>
				<match Class="PatchOperationFindMod">		
					<mods>
						<li>Vanilla Furniture Expanded - Production</li>					
					</mods>
					<match Class="PatchOperationSequence">	
						<operations>
							<li Class="XmlExtensions.Conditional"><!-- Add A Mod Dropdown -->
								<xpath>/Defs/ThingDef[defName="VFE_TableStoveLarge"]</xpath>
								<caseTrue> 
									<Operation Class="PatchOperationAdd">
										<xpath>/Defs/ThingDef[defName="VFE_TableStoveLarge"][not(designatorDropdown)]</xpath>
										<success>Always</success>
										<value>
											<designatorDropdown>PatchPack_Cooking</designatorDropdown>
										</value>
									</Operation>
								</caseTrue>
							</li>
						</operations>
					</match>
				</match>
			</Operation>
			<Operation Class="PatchOperationFindMod">	
				<mods>
					<li>Core</li>
				</mods>
				<match Class="PatchOperationFindMod">		
					<mods>
						<li>Vanilla Furniture Expanded - Power</li>					
					</mods>
					<match Class="PatchOperationSequence">	
						<operations>
							<li Class="XmlExtensions.Conditional"><!-- Add A Mod Dropdown -->
								<xpath>/Defs/ThingDef[defName="VPE_GasStove"]</xpath>
								<caseTrue> 
									<Operation Class="PatchOperationAdd">
										<xpath>/Defs/ThingDef[defName="VPE_GasStove"][not(designatorDropdown)]</xpath>
										<success>Always</success>
										<value>
											<designatorDropdown>PatchPack_Cooking</designatorDropdown>
										</value>
									</Operation>
								</caseTrue>
							</li>
						</operations>
					</match>
				</match>
			</Operation>
		</caseTrue>
	</Operation>
	
	<!-- ######### Smelting ######### -->
	
	<Operation Class="XmlExtensions.OptionalPatch">
		<modId>NiilosQoL</modId>
		<key>NiilosQoL_Settings_Group_Smelting</key>
		<defaultValue>true</defaultValue>
		<caseTrue>
			<Operation Class="PatchOperationFindMod">	
				<mods>
					<li>Vanilla Furniture Expanded - Production</li>
				</mods>
				<match Class="PatchOperationSequence">	
					<operations>
						<li Class="XmlExtensions.Conditional"><!-- Add A Mod Dropdown -->
							<xpath>/Defs/ThingDef[defName="VFE_FueledSmelter"]</xpath>
							<caseTrue> 
								<Operation Class="PatchOperationAdd">
									<xpath>/Defs/ThingDef[defName="VFE_FueledSmelter"][not(designatorDropdown)]</xpath>
									<success>Always</success>
									<value>
										<designatorDropdown>PatchPack_Smelting</designatorDropdown>
									</value>
								</Operation>
							</caseTrue>
						</li>
						<li Class="XmlExtensions.Conditional"><!-- Add A Mod Dropdown -->
							<xpath>/Defs/ThingDef[defName="ElectricSmelter"]</xpath>
							<caseTrue> 
								<Operation Class="PatchOperationAdd">
									<xpath>/Defs/ThingDef[defName="ElectricSmelter"][not(designatorDropdown)]</xpath>
									<success>Always</success>
									<value>
										<designatorDropdown>PatchPack_Smelting</designatorDropdown>
									</value>
								</Operation>
							</caseTrue>
						</li>
					</operations>
				</match>
			</Operation>
			<Operation Class="PatchOperationFindMod">	
				<mods>
					<li>Vanilla Furniture Expanded - Power</li>
				</mods>
				<match Class="PatchOperationSequence">	
					<operations>
						<li Class="XmlExtensions.Conditional"><!-- Add A Mod Dropdown -->
							<xpath>/Defs/ThingDef[defName="VPE_GasSmelter"]</xpath>
							<caseTrue> 
								<Operation Class="PatchOperationAdd">
									<xpath>/Defs/ThingDef[defName="VPE_GasSmelter"][not(designatorDropdown)]</xpath>
									<success>Always</success>
									<value>
										<designatorDropdown>PatchPack_Smelting</designatorDropdown>
									</value>
								</Operation>
							</caseTrue>
						</li>
						<li Class="XmlExtensions.Conditional"><!-- Add A Mod Dropdown -->
							<xpath>/Defs/ThingDef[defName="ElectricSmelter"]</xpath>
							<caseTrue> 
								<Operation Class="PatchOperationAdd">
									<xpath>/Defs/ThingDef[defName="ElectricSmelter"][not(designatorDropdown)]</xpath>
									<success>Always</success>
									<value>
										<designatorDropdown>PatchPack_Smelting</designatorDropdown>
									</value>
								</Operation>
							</caseTrue>
						</li>
					</operations>
				</match>
			</Operation>
		</caseTrue>
	</Operation>
	
	<!-- ######### Fabrication ######### -->
	
	<Operation Class="XmlExtensions.OptionalPatch">
		<modId>NiilosQoL</modId>
		<key>NiilosQoL_Settings_Group_Fabrication</key>
		<defaultValue>true</defaultValue>
		<caseTrue>
			<Operation Class="PatchOperationFindMod">	
				<mods>
					<li>Core</li>
				</mods>
				<match Class="PatchOperationFindMod">		
					<mods>
						<li>Vanilla Furniture Expanded - Production</li>					
					</mods>
					<match Class="PatchOperationSequence">	
						<operations>
							<li Class="XmlExtensions.Conditional"><!-- Add A Mod Dropdown -->
								<xpath>/Defs/ThingDef[defName="VFE_ComponentFabricationBench"]</xpath>
								<caseTrue> 
									<Operation Class="PatchOperationAdd">
										<xpath>/Defs/ThingDef[defName="VFE_ComponentFabricationBench"][not(designatorDropdown)]</xpath>
										<success>Always</success>
										<value>
											<designatorDropdown>PatchPack_Fabrication</designatorDropdown>
										</value>
									</Operation>
								</caseTrue>
							</li>
							<li Class="XmlExtensions.Conditional"><!-- Add A Mod Dropdown -->
								<xpath>/Defs/ThingDef[defName="FabricationBench"]</xpath>
								<caseTrue> 
									<Operation Class="PatchOperationAdd">
										<xpath>/Defs/ThingDef[defName="FabricationBench"][not(designatorDropdown)]</xpath>
										<success>Always</success>
										<value>
											<designatorDropdown>PatchPack_Fabrication</designatorDropdown>
										</value>
									</Operation>
								</caseTrue>
							</li>
						</operations>
					</match>
				</match>
			</Operation>
		</caseTrue>
	</Operation>
	
	<!-- ######### Refining ######### -->
	
	<Operation Class="XmlExtensions.OptionalPatch">
		<modId>NiilosQoL</modId>
		<key>NiilosQoL_Settings_Group_Refining</key>
		<defaultValue>true</defaultValue>
		<caseTrue>
			<Operation Class="PatchOperationFindMod">
				<mods>
					<li>Vanilla Furniture Expanded - Power</li>
				</mods>
				<match Class="PatchOperationSequence">
					<operations>
						<li Class="PatchOperationAdd">
							<xpath>/Defs/ThingDef[defName="VPE_GasBiofuelRefinery"][not(designatorDropdown)]</xpath>
							<success>Always</success>
							<value>
								<designatorDropdown>PatchPack_Refinery</designatorDropdown>
							</value>
						</li>
						<li Class="PatchOperationAdd">
							<xpath>/Defs/ThingDef[defName="BiofuelRefinery"][not(designatorDropdown)]</xpath>
							<success>Always</success>
							<value>
								<designatorDropdown>PatchPack_Refinery</designatorDropdown>
							</value>
						</li>
					</operations>
				</match>
			</Operation>
		</caseTrue>
	</Operation>
	
	<!-- ######### Barrels ######### -->
	
	<Operation Class="XmlExtensions.OptionalPatch">
		<modId>NiilosQoL</modId>
		<key>NiilosQoL_Settings_Group_Barrels</key>
		<defaultValue>true</defaultValue>
		<caseTrue>
			<Operation Class="PatchOperationAdd">
				<xpath>/Defs/ThingDef[defName="FermentingBarrel"][not(designatorDropdown)]</xpath>
				<success>Always</success>
				<value>
					<designatorDropdown>PatchPack_Barrels</designatorDropdown>
				</value>
			</Operation>
			<Operation Class="PatchOperationAdd">
				<xpath>/Defs/ThingDef[defName="Brewery"][not(designatorDropdown)]</xpath>
				<success>Always</success>
				<value>
					<designatorDropdown>PatchPack_Barrels</designatorDropdown>
				</value>
			</Operation>
			<Operation Class="PatchOperationFindMod">
				<mods>
					<li>Vanilla Factions Expanded - Medieval</li>
				</mods>
				<match Class="PatchOperationSequence">
					<operations>
						<li Class="PatchOperationAdd">
							<xpath>/Defs/ThingDef[defName="VFEM_WineBarrel"][not(designatorDropdown)]</xpath>
							<success>Always</success>
							<value>
								<designatorDropdown>PatchPack_Barrels</designatorDropdown>
							</value>
						</li>
					</operations>
				</match>
			</Operation>
		</caseTrue>
	</Operation>
	
	<!-- ######### Writing ######### -->
	
	<Operation Class="XmlExtensions.OptionalPatch">
		<modId>NiilosQoL</modId>
		<key>NiilosQoL_Settings_Group_Linkables</key>
		<defaultValue>true</defaultValue>
		<caseTrue>
			<Operation Class="PatchOperationFindMod">
				<mods>
					<li>More Linkables</li>
				</mods>
				<match Class="PatchOperationSequence">
					<operations>
						<li Class="PatchOperationAdd">
							<xpath>/Defs/ThingDef[defName="VBE_WritersTable"][not(designatorDropdown)]</xpath>
							<success>Always</success>
							<value>
								<designatorDropdown>PatchPack_Writing_Tables</designatorDropdown>
							</value>
						</li>
						<li Class="PatchOperationAdd">
							<xpath>/Defs/ThingDef[defName="VBE_TypewritersTable"][not(designatorDropdown)]</xpath>
							<success>Always</success>
							<value>
								<designatorDropdown>PatchPack_Writing_Tables</designatorDropdown>
							</value>
						</li>
					</operations>
				</match>
			</Operation>
		</caseTrue>
	</Operation>
	
	<!-- ######### Farming ######### -->
	
	<Operation Class="XmlExtensions.OptionalPatch">
		<modId>NiilosQoL</modId>
		<key>NiilosQoL_Settings_Group_Hydroponics</key>
		<defaultValue>true</defaultValue>
		<caseTrue>
			<Operation Class="PatchOperationFindMod">
				<mods>
					<li>Vanilla Furniture Expanded - Farming</li>
				</mods>
				<match Class="PatchOperationSequence">
					<operations>
						<li Class="PatchOperationAdd">
							<xpath>/Defs/ThingDef[defName="HydroponicsBasin"][not(designatorDropdown)]</xpath>
							<success>Always</success>
							<value>
								<designatorDropdown>PatchPack_Farming_Hydroponics</designatorDropdown>
							</value>
						</li>
						<li Class="PatchOperationAdd">
							<xpath>/Defs/ThingDef[defName="VFE_Hydroponics_Tilable"][not(designatorDropdown)]</xpath>
							<success>Always</success>
							<value>
								<designatorDropdown>PatchPack_Farming_Hydroponics</designatorDropdown>
							</value>
						</li>
					</operations>
				</match>
			</Operation>
		</caseTrue>
	</Operation>
	
	<Operation Class="XmlExtensions.OptionalPatch">
		<modId>NiilosQoL</modId>
		<key>NiilosQoL_Settings_Group_Artificial_Ecosystems</key>
		<defaultValue>true</defaultValue>
		<caseTrue>
			<Operation Class="PatchOperationFindMod">
				<mods>
					<li>Vanilla Furniture Expanded - Farming</li>
				</mods>
				<match Class="PatchOperationSequence">
					<operations>
						<li Class="PatchOperationAdd">
							<xpath>/Defs/ThingDef[defName="VFE_Ecosystem_Tilable"][not(designatorDropdown)]</xpath>
							<success>Always</success>
							<value>
								<designatorDropdown>PatchPack_Farming_Ecosystems</designatorDropdown>
							</value>
						</li>
						<li Class="PatchOperationAdd">
							<xpath>/Defs/ThingDef[defName="VFE_Ecosystem"][not(designatorDropdown)]</xpath>
							<success>Always</success>
							<value>
								<designatorDropdown>PatchPack_Farming_Ecosystems</designatorDropdown>
							</value>
						</li>
					</operations>
				</match>
			</Operation>
		</caseTrue>
	</Operation>
	
	<!-- ############################ Turrets ############################ -->	
	
	<Operation Class="XmlExtensions.OptionalPatch">
		<modId>NiilosQoL</modId>
		<key>NiilosQoL_Settings_Group_Auto_Cannons</key>
		<defaultValue>true</defaultValue>
		<caseTrue>
			<Operation Class="PatchOperationFindMod">
				<mods>
					<li>Vanilla Furniture Expanded - Security</li>
				</mods>
				<match Class="PatchOperationSequence">
					<operations>
						<li Class="XmlExtensions.PatchOperationSafeAdd">
							<xpath>/Defs/ThingDef[defName="VFES_Turret_AutocannonDouble"][not(designatorDropdown)]</xpath>
							<success>Always</success>
							<value>
								<designatorDropdown>PatchPack_AutoCannonGroup</designatorDropdown>
							</value>
						</li>
						<li Class="XmlExtensions.PatchOperationSafeAdd">
							<xpath>/Defs/ThingDef[defName="Turret_Autocannon"][not(designatorDropdown)]</xpath>
							<success>Always</success>
							<value>
								<designatorDropdown>PatchPack_AutoCannonGroup</designatorDropdown>
							</value>
						</li>
					</operations>
				</match>
			</Operation>
		</caseTrue>
	</Operation>
	
	<!-- ############################ Group Shield Generators ############################ -->	
	
	<Operation Class="XmlExtensions.OptionalPatch">
		<modId>NiilosQoL</modId>
		<key>NiilosQoL_Settings_Group_Shield_Generators</key>
		<defaultValue>true</defaultValue>
		<caseTrue>
			<Operation Class="PatchOperationFindMod">
				<mods>
					<li>Vanilla Furniture Expanded - Security</li>
				</mods>
				<match Class="PatchOperationSequence">
					<operations>
						<li Class="XmlExtensions.PatchOperationSafeAdd">
							<xpath>/Defs/ThingDef[@Name="VFES_BuildableShieldGeneratorBase"][not(designatorDropdown)]</xpath>
							<success>Always</success>
							<value>
								<designatorDropdown>PatchPack_ShieldProjectorGroup</designatorDropdown>
							</value>
						</li>
					</operations>
				</match>
			</Operation>
		</caseTrue>
	</Operation>
	
	<!-- ############################ Group Medical Mats ############################ -->
	
	<Operation Class="XmlExtensions.OptionalPatch">
		<modId>NiilosQoL</modId>
		<key>NiilosQoL_Settings_Group_Medical_Mats</key>
		<defaultValue>true</defaultValue>
		<caseTrue>
			<Operation Class="PatchOperationFindMod">
				<mods>
					<li>Medical Supplements (Continued)</li>
					<li>Medical Supplements</li>
				</mods>
				<match Class="PatchOperationSequence">
					<operations>
						<li Class="PatchOperationAdd">
							<xpath>/Defs/ThingDef[defName="MSMedicalMat"][not(designatorDropdown)]</xpath>
							<success>Always</success>
							<value>
								<designatorDropdown>PatchPack_MedicalMatGroup</designatorDropdown>
							</value>
						</li>
						<li Class="PatchOperationAdd">
							<xpath>/Defs/ThingDef[defName="MSMedicalMatSpacer"][not(designatorDropdown)]</xpath>
							<success>Always</success>
							<value>
								<designatorDropdown>PatchPack_MedicalMatGroup</designatorDropdown>
							</value>
						</li>
						<li Class="PatchOperationAdd">
							<xpath>/Defs/ThingDef[defName="MSMedicalMatUltra"][not(designatorDropdown)]</xpath>
							<success>Always</success>
							<value>
								<designatorDropdown>PatchPack_MedicalMatGroup</designatorDropdown>
							</value>
						</li>
						<li Class="PatchOperationAdd">
							<xpath>/Defs/ThingDef[defName="MSMedicalMatEarly"][not(designatorDropdown)]</xpath>
							<success>Always</success>
							<value>
								<designatorDropdown>PatchPack_MedicalMatGroup</designatorDropdown>
							</value>
						</li>
					</operations>
				</match>
			</Operation>
		</caseTrue>
	</Operation>
	
	<!-- ############################ Group Fire Poppers ############################ -->
	
	<Operation Class="XmlExtensions.OptionalPatch">
		<modId>NiilosQoL</modId>
		<key>NiilosQoL_Settings_Group_Fire_Poppers</key>
		<defaultValue>true</defaultValue>
		<caseTrue>
			<Operation Class="PatchOperationFindMod">
				<mods>
					<li>Fire Extinguisher (Continued)</li>
					<li>Fire Extinguisher</li>
				</mods>
				<match Class="PatchOperationSequence">
					<operations>
						<li Class="PatchOperationAdd">
							<xpath>/Defs/ThingDef[defName="FExt_CeilingFoamPopper"][not(designatorDropdown)]</xpath>
							<success>Always</success>
							<value>
								<designatorDropdown>PatchPack_FirePopperGroup</designatorDropdown>
							</value>
						</li>
						<li Class="PatchOperationAdd">
							<xpath>/Defs/ThingDef[defName="FirefoamPopper"][not(designatorDropdown)]</xpath>
							<success>Always</success>
							<value>
								<designatorDropdown>PatchPack_FirePopperGroup</designatorDropdown>
							</value>
						</li>
					</operations>
				</match>
			</Operation>
		</caseTrue>
	</Operation>
	
	<!-- ############################ Comms ############################ -->
	
	<Operation Class="XmlExtensions.OptionalPatch">
		<modId>NiilosQoL</modId>
		<key>NiilosQoL_Settings_Group_Trade_Comms</key>
		<defaultValue>true</defaultValue>
		<caseTrue>
			<Operation Class="PatchOperationAdd">
				<xpath>/Defs/ThingDef[defName="CommsConsole"][not(designatorDropdown)]</xpath>
				<success>Always</success>
				<value>
					<designatorDropdown>PatchPack_Comms_Trade</designatorDropdown>
				</value>
			</Operation>
			<Operation Class="PatchOperationAdd">
				<xpath>/Defs/ThingDef[defName="OrbitalTradeBeacon"][not(designatorDropdown)]</xpath>
				<success>Always</success>
				<value>
					<designatorDropdown>PatchPack_Comms_Trade</designatorDropdown>
				</value>
			</Operation>
			<Operation Class="PatchOperationFindMod">
				<mods>
					<li>Royalty</li>
				</mods>
				<match Class="PatchOperationSequence">
					<operations>
						<li Class="PatchOperationAdd">
							<xpath>/Defs/ThingDef[defName="ShipLandingBeacon"][not(designatorDropdown)]</xpath>
							<success>Always</success>
							<value>
								<designatorDropdown>PatchPack_Comms_Trade</designatorDropdown>
							</value>
						</li>
					</operations>
				</match>
			</Operation>
		</caseTrue>
	</Operation>
	
	<!-- ############################ Scanners ############################ -->
	
	<Operation Class="XmlExtensions.OptionalPatch">
		<modId>NiilosQoL</modId>
		<key>NiilosQoL_Settings_Group_Scanners</key>
		<defaultValue>true</defaultValue>
		<caseTrue>
			<Operation Class="PatchOperationAdd">
				<xpath>/Defs/ThingDef[defName="GroundPenetratingScanner"][not(designatorDropdown)]</xpath>
				<success>Always</success>
				<value>
					<designatorDropdown>PatchPack_Scanners</designatorDropdown>
				</value>
			</Operation>
			<Operation Class="PatchOperationAdd">
				<xpath>/Defs/ThingDef[defName="LongRangeMineralScanner"][not(designatorDropdown)]</xpath>
				<success>Always</success>
				<value>
					<designatorDropdown>PatchPack_Scanners</designatorDropdown>
				</value>
			</Operation>
		</caseTrue>
	</Operation>
	
	<!-- ############################ Drills ############################ -->
	
	<Operation Class="XmlExtensions.OptionalPatch">
		<modId>NiilosQoL</modId>
		<key>NiilosQoL_Settings_Group_Drills</key>
		<defaultValue>true</defaultValue>
		<caseTrue>
			<Operation Class="PatchOperationFindMod">
				<mods>
					<li>Omni Core Drill (Continued)</li>
					<li>Omni Core Drill</li>
				</mods>
				<match Class="PatchOperationSequence">
					<operations>
						<li Class="PatchOperationAdd">
							<xpath>/Defs/ThingDef[defName="CoreDrill"][not(designatorDropdown)]</xpath>
							<success>Always</success>
							<value>
								<designatorDropdown>PatchPack_Drills</designatorDropdown>
							</value>
						</li>
						<li Class="PatchOperationAdd">
							<xpath>/Defs/ThingDef[defName="DeepDrill"][not(designatorDropdown)]</xpath>
							<success>Always</success>
							<value>
								<designatorDropdown>PatchPack_Drills</designatorDropdown>
							</value>
						</li>
					</operations>
				</match>
			</Operation>
			<Operation Class="PatchOperationFindMod">
				<mods>
					<li>Vanilla Furniture Expanded - Power</li>
				</mods>
				<match Class="PatchOperationSequence">
					<operations>
						<li Class="PatchOperationAdd">
							<xpath>/Defs/ThingDef[defName="VPE_GasDrill"][not(designatorDropdown)]</xpath>
							<success>Always</success>
							<value>
								<designatorDropdown>PatchPack_Drills</designatorDropdown>
							</value>
						</li>
						<li Class="PatchOperationAdd">
							<xpath>/Defs/ThingDef[defName="DeepDrill"][not(designatorDropdown)]</xpath>
							<success>Always</success>
							<value>
								<designatorDropdown>PatchPack_Drills</designatorDropdown>
							</value>
						</li>
					</operations>
				</match>
			</Operation>
		</caseTrue>
	</Operation>
	
	<!-- ############################ Pod Launchers ############################ -->
	
	<Operation Class="XmlExtensions.OptionalPatch">
		<modId>NiilosQoL</modId>
		<key>NiilosQoL_Settings_Group_Pod_Launchers</key>
		<defaultValue>true</defaultValue>
		<caseTrue>
			<Operation Class="PatchOperationFindMod">
				<mods>
					<li>Vanilla Furniture Expanded - Power</li>
				</mods>
				<match Class="PatchOperationSequence">
					<operations>
						<li Class="PatchOperationAdd">
							<xpath>/Defs/ThingDef[defName="VPE_GasPodLauncher"][not(designatorDropdown)]</xpath>
							<success>Always</success>
							<value>
								<designatorDropdown>PatchPack_Pod_Launcher</designatorDropdown>
							</value>
						</li>
						<li Class="PatchOperationAdd">
							<xpath>/Defs/ThingDef[defName="PodLauncher"][not(designatorDropdown)]</xpath>
							<success>Always</success>
							<value>
								<designatorDropdown>PatchPack_Pod_Launcher</designatorDropdown>
							</value>
						</li>
					</operations>
				</match>
			</Operation>
		</caseTrue>
	</Operation>
	
	<!-- ############################ Servers ############################ -->
	
	<Operation Class="XmlExtensions.OptionalPatch">
		<modId>NiilosQoL</modId>
		<key>NiilosQoL_Settings_Group_Servers</key>
		<defaultValue>true</defaultValue>
		<caseTrue>
			<Operation Class="PatchOperationFindMod">
				<mods>
					<li>Commercial Server</li>
				</mods>
				<match Class="PatchOperationSequence">
					<operations>
						<li Class="PatchOperationAdd">
							<xpath>/Defs/ThingDef[defName="ServerSilver"][not(designatorDropdown)]</xpath>
							<success>Always</success>
							<value>
								<designatorDropdown>PatchPack_Servers</designatorDropdown>
							</value>
						</li>
						<li Class="PatchOperationAdd">
							<xpath>/Defs/ThingDef[defName="ServerGold"][not(designatorDropdown)]</xpath>
							<success>Always</success>
							<value>
								<designatorDropdown>PatchPack_Servers</designatorDropdown>
							</value>
						</li>
					</operations>
				</match>
			</Operation>
		</caseTrue>
	</Operation>
	
	<!-- ############################ Group Life Support Facilities ############################ -->
	
	<Operation Class="XmlExtensions.OptionalPatch">
		<modId>NiilosQoL</modId>
		<key>NiilosQoL_Settings_Group_Vitals</key>
		<defaultValue>true</defaultValue>
		<caseTrue>
			<Operation Class="PatchOperationFindMod">
				<mods>
					<li>Life Support Continued [1.1+]</li>
					<li>Life Support</li>
					<li>Life Support Continued</li>
					<li>Life Support (Continued)</li>
				</mods>
				<match Class="PatchOperationSequence">
					<operations>
						<li Class="PatchOperationAdd">
							<xpath>/Defs/ThingDef[defName="QE_LifeSupportSystem"][not(designatorDropdown)]</xpath>
							<success>Always</success>
							<value>
								<designatorDropdown>PatchPack_LifeSupportGroup</designatorDropdown>
							</value>
						</li>
						<li Class="PatchOperationAdd">
							<xpath>/Defs/ThingDef[defName="VitalsMonitor"][not(designatorDropdown)]</xpath>
							<success>Always</success>
							<value>
								<designatorDropdown>PatchPack_LifeSupportGroup</designatorDropdown>
							</value>
						</li>
					</operations>
				</match>
			</Operation>
	
			<Operation Class="PatchOperationFindMod">
				<mods>
					<li>Vanilla Furniture Expanded - Medical Module</li>
					<li>Vanilla Furniture Expanded - Medical</li>
				</mods>
				<match Class="PatchOperationSequence">
					<operations>
						<li Class="PatchOperationAdd">
							<xpath>/Defs/ThingDef[defName="Facility_VitalsCentre"][not(designatorDropdown)]</xpath>
							<success>Always</success>
							<value>
								<designatorDropdown>PatchPack_LifeSupportGroup</designatorDropdown>
							</value>
						</li>
						<li Class="PatchOperationAdd">
							<xpath>/Defs/ThingDef[defName="VitalsMonitor"][not(designatorDropdown)]</xpath>
							<success>Always</success>
							<value>
								<designatorDropdown>PatchPack_LifeSupportGroup</designatorDropdown>
							</value>
						</li>
					</operations>
				</match>
			</Operation>
			
			<Operation Class="PatchOperationFindMod">
				<mods>
					<li>Wall Vitals Monitor</li>
				</mods>
				<match Class="PatchOperationSequence">
					<operations>
						<li Class="PatchOperationAdd">
							<xpath>/Defs/ThingDef[defName="Wall_M_VitalsMonitor"][not(designatorDropdown)]</xpath>
							<success>Always</success>
							<value>
								<designatorDropdown>PatchPack_LifeSupportGroup</designatorDropdown>
							</value>
						</li>
						<li Class="PatchOperationAdd">
							<xpath>/Defs/ThingDef[defName="VitalsMonitor"][not(designatorDropdown)]</xpath>
							<success>Always</success>
							<value>
								<designatorDropdown>PatchPack_LifeSupportGroup</designatorDropdown>
							</value>
						</li>
					</operations>
				</match>
			</Operation>
		</caseTrue>
	</Operation>
	
	<!-- ############################ Group Surgical Tools ############################ -->
	
	<Operation Class="XmlExtensions.OptionalPatch">
		<modId>NiilosQoL</modId>
		<key>NiilosQoL_Settings_Group_Surgery_Tools</key>
		<defaultValue>true</defaultValue>
		<caseTrue>
			<Operation Class="PatchOperationFindMod">
				<mods>
					<li>More Linkables</li>
				</mods>
				<match Class="PatchOperationSequence">
					<operations>
						<li Class="PatchOperationAdd">
							<xpath>/Defs/ThingDef[defName="SurgicalLamp"][not(designatorDropdown)]</xpath>
							<success>Always</success>
							<value>
								<designatorDropdown>PatchPack_Surgical_Tools</designatorDropdown>
							</value>
						</li>
						<li Class="PatchOperationAdd">
							<xpath>/Defs/ThingDef[defName="SurgicalInstruments"][not(designatorDropdown)]</xpath>
							<success>Always</success>
							<value>
								<designatorDropdown>PatchPack_Surgical_Tools</designatorDropdown>
							</value>
						</li>
					</operations>
				</match>
			</Operation>
	
			<Operation Class="PatchOperationFindMod">
				<mods>
					<li>Vanilla Furniture Expanded - Medical Module</li>
					<li>Vanilla Furniture Expanded - Medical</li>
				</mods>
				<match Class="PatchOperationFindMod">
					<mods>
						<li>More Linkables</li>
					</mods>
					<match Class="PatchOperationSequence">
						<operations>
							<li Class="PatchOperationAdd">
								<xpath>/Defs/ThingDef[defName="Facility_IVDrip"][not(designatorDropdown)]</xpath>
								<success>Always</success>
								<value>
									<designatorDropdown>PatchPack_Surgical_Tools</designatorDropdown>
								</value>
							</li>
						</operations>
					</match>
				</match>
			</Operation>
		</caseTrue>
	</Operation>
	
	<!-- ############################ Group Crypto Sleep Cascets ############################ -->
	
	<Operation Class="XmlExtensions.OptionalPatch">
		<modId>NiilosQoL</modId>
		<key>NiilosQoL_Settings_Group_Cryo_Pods</key>
		<defaultValue>true</defaultValue>
		<caseTrue>
			<Operation Class="PatchOperationFindMod">
				<mods>
					<li>Ideology</li>
				</mods>
				<match Class="PatchOperationSequence">
					<operations>
						<li Class="PatchOperationAdd">
							<xpath>/Defs/ThingDef[defName="BiosculpterPod"][not(designatorDropdown)]</xpath>
							<success>Always</success>
							<value>
								<designatorDropdown>PatchPack_CryoPodsGroup</designatorDropdown>
							</value>
						</li>
						<li Class="PatchOperationAdd">
							<xpath>/Defs/ThingDef[defName="CryptosleepCasket"][not(designatorDropdown)]</xpath>
							<success>Always</success>
							<value>
								<designatorDropdown>PatchPack_CryoPodsGroup</designatorDropdown>
							</value>
						</li>
					</operations>
				</match>
			</Operation>
			
			<Operation Class="PatchOperationFindMod">
				<mods>
					<li>Vanilla Furniture Expanded - Medical Module</li>
					<li>Vanilla Furniture Expanded - Medical</li>
				</mods>
				<match Class="PatchOperationSequence">
					<operations>
						<li Class="PatchOperationAdd">
							<xpath>/Defs/ThingDef[defName="Bed_CryptoBed"][not(designatorDropdown)]</xpath>
							<success>Always</success>
							<value>
								<designatorDropdown>PatchPack_CryoPodsGroup</designatorDropdown>
							</value>
						</li>
						<li Class="PatchOperationAdd">
							<xpath>/Defs/ThingDef[defName="CryptosleepCasket"][not(designatorDropdown)]</xpath>
							<success>Always</success>
							<value>
								<designatorDropdown>PatchPack_CryoPodsGroup</designatorDropdown>
							</value>
						</li>
					</operations>
				</match>
			</Operation>
		</caseTrue>
	</Operation>
	
	<!-- ############################ Temperature ############################ -->
	
	<!-- ######### Coolers ######### -->
	
	<Operation Class="XmlExtensions.OptionalPatch">
		<modId>NiilosQoL</modId>
		<key>NiilosQoL_Settings_Group_Coolers</key>
		<defaultValue>true</defaultValue>
		<caseTrue>
			<Operation Class="PatchOperationAdd">
				<xpath>/Defs/ThingDef[defName="Cooler"][not(designatorDropdown)]</xpath>
				<success>Always</success>
				<value>
					<designatorDropdown>PatchPack_Coolers</designatorDropdown>
				</value>
			</Operation>
			
			<Operation Class="PatchOperationAdd">
				<xpath>/Defs/ThingDef[defName="PassiveCooler"][not(designatorDropdown)]</xpath>
				<success>Always</success>
				<value>
					<designatorDropdown>PatchPack_Coolers</designatorDropdown>
				</value>
			</Operation>
			
			<Operation Class="PatchOperationFindMod">
				<mods>
					<li>Vanilla Furniture Expanded</li>
				</mods>
				<match Class="PatchOperationSequence">
					<operations>
						<li Class="PatchOperationAdd">
							<xpath>/Defs/ThingDef[defName="AirConditioningUnit"][not(designatorDropdown)]</xpath>
							<success>Always</success>
							<value>
								<designatorDropdown>PatchPack_Coolers</designatorDropdown>
							</value>
						</li>
					</operations>
				</match>
			</Operation>
			
			<Operation Class="PatchOperationFindMod">
				<mods>
					<li>Replace Stuff</li>
				</mods>
				<match Class="PatchOperationSequence">
					<operations>
						<li Class="XmlExtensions.PatchOperationAddOrReplace">
							<xpath>/Defs/ThingDef[@Name="Cooler_Over"]</xpath>
							<value>
								<designatorDropdown>PatchPack_Coolers</designatorDropdown>
							</value>
						</li>
						<li Class="XmlExtensions.PatchOperationAddOrReplace">
							<xpath>/Defs/ThingDef[defName="Cooler_Over2W"]</xpath>
							<value>
								<designatorDropdown>PatchPack_Coolers</designatorDropdown>
							</value>
						</li>
					</operations>
				</match>
			</Operation>
			
			<Operation Class="PatchOperationFindMod">
				<mods>
					<li>Vanilla Furniture Expanded - Power</li>
				</mods>
				<match Class="PatchOperationSequence">
					<operations>
						<li Class="PatchOperationAdd">
							<xpath>/Defs/ThingDef[defName="VPE_GasCooler"][not(designatorDropdown)]</xpath>
							<success>Always</success>
							<value>
								<designatorDropdown>PatchPack_Coolers</designatorDropdown>
							</value>
						</li>
					</operations>
				</match>
			</Operation>
		</caseTrue>
	</Operation>
	
	<!-- ######### Heaters ######### -->
	
	<Operation Class="XmlExtensions.OptionalPatch">
		<modId>NiilosQoL</modId>
		<key>NiilosQoL_Settings_Group_Heaters</key>
		<defaultValue>true</defaultValue>
		<caseTrue>
			<Operation Class="PatchOperationAdd">
				<xpath>/Defs/ThingDef[defName="Campfire"][not(designatorDropdown)]</xpath>
				<success>Always</success>
				<value>
					<designatorDropdown>PatchPack_Heaters</designatorDropdown>
				</value>
			</Operation>
			
			<Operation Class="PatchOperationAdd">
				<xpath>/Defs/ThingDef[defName="Heater"][not(designatorDropdown)]</xpath>
				<success>Always</success>
				<value>
					<designatorDropdown>PatchPack_Heaters</designatorDropdown>
				</value>
			</Operation>
			<Operation Class="PatchOperationFindMod">
				<mods>
					<li>Vanilla Furniture Expanded - Power</li>
				</mods>
				<match Class="PatchOperationSequence">
					<operations>
						<li Class="PatchOperationAdd">
							<xpath>/Defs/ThingDef[defName="VPE_GasHeater"][not(designatorDropdown)]</xpath>
							<success>Always</success>
							<value>
								<designatorDropdown>PatchPack_Heaters</designatorDropdown>
							</value>
						</li>
					</operations>
				</match>
			</Operation>
		</caseTrue>
	</Operation>
	
	<!-- ######### Vents ######### -->
	
	<Operation Class="XmlExtensions.OptionalPatch">
		<modId>NiilosQoL</modId>
		<key>NiilosQoL_Settings_Group_Vents</key>
		<defaultValue>true</defaultValue>
		<caseTrue>
			<Operation Class="PatchOperationFindMod">
				<mods>
					<li>ProgrammableVents</li>
				</mods>
				<match Class="PatchOperationSequence">
					<operations>
						<li Class="PatchOperationAdd">
							<xpath>/Defs/ThingDef[@Name="BaseProgrammableVent"][not(designatorDropdown)]</xpath>
							<success>Always</success>
							<value>
								<designatorDropdown>PatchPack_Vents</designatorDropdown>
							</value>
						</li>
						<li Class="PatchOperationAdd">
							<xpath>/Defs/ThingDef[defName="Vent"][not(designatorDropdown)]</xpath>
							<success>Always</success>
							<value>
								<designatorDropdown>PatchPack_Vents</designatorDropdown>
							</value>
						</li>
					</operations>
				</match>
			</Operation>
			
			<Operation Class="PatchOperationFindMod">
				<mods>
					<li>Replace Stuff</li>
				</mods>
				<match Class="PatchOperationSequence">
					<operations>
						<li Class="XmlExtensions.PatchOperationAddOrReplace">
							<xpath>/Defs/ThingDef[defName="Vent_Over"][not(designatorDropdown)]</xpath>
							<success>Always</success>
							<value>
								<designatorDropdown>PatchPack_Vents</designatorDropdown>
							</value>
						</li>
						<li Class="PatchOperationAdd">
							<xpath>/Defs/ThingDef[defName="Vent"][not(designatorDropdown)]</xpath>
							<success>Always</success>
							<value>
								<designatorDropdown>PatchPack_Vents</designatorDropdown>
							</value>
						</li>
					</operations>
				</match>
			</Operation>
		</caseTrue>
	</Operation>
	
	<!-- ######### Thermometers ######### -->
	
	<Operation Class="XmlExtensions.OptionalPatch">
		<modId>NiilosQoL</modId>
		<key>NiilosQoL_Settings_Group_Thermometers</key>
		<defaultValue>true</defaultValue>
		<caseTrue>
			<Operation Class="PatchOperationFindMod">
				<mods>
					<li>Temperature Gauge (Continued)</li>
					<li>Temperature Gauge</li>
				</mods>
				<match Class="PatchOperationSequence">
					<operations>
						<li Class="PatchOperationAdd">
							<xpath>/Defs/ThingDef[defName="TemperatureGauge"][not(designatorDropdown)]</xpath>
							<success>Always</success>
							<value>
								<designatorDropdown>PatchPack_Thermometers</designatorDropdown>
							</value>
						</li>
						<li Class="PatchOperationAdd">
							<xpath>/Defs/ThingDef[defName="TemperatureGaugeWall"][not(designatorDropdown)]</xpath>
							<success>Always</success>
							<value>
								<designatorDropdown>PatchPack_Thermometers</designatorDropdown>
							</value>
						</li>
					</operations>
				</match>
			</Operation>
		</caseTrue>
	</Operation>
	
	<!-- ############################ Dubs Hygiene ############################ -->
	
	<!-- ######### Boilers ######### -->
	
	<Operation Class="XmlExtensions.OptionalPatch">
		<modId>NiilosQoL</modId>
		<key>NiilosQoL_Settings_Group_Boilers</key>
		<defaultValue>true</defaultValue>
		<caseTrue>
			<Operation Class="PatchOperationFindMod">
				<mods>
					<li>Dubs Bad Hygiene</li>
				</mods>
				<match Class="PatchOperationSequence">
					<operations>
						<li Class="PatchOperationAdd">
							<xpath>/Defs/ThingDef[defName="LogBoiler"][not(designatorDropdown)]</xpath>
							<success>Always</success>
							<value>
								<designatorDropdown>PatchPack_Boilers</designatorDropdown>
							</value>
						</li>
						<li Class="PatchOperationAdd">
							<xpath>/Defs/ThingDef[defName="GasBoiler"][not(designatorDropdown)]</xpath>
							<success>Always</success>
							<value>
								<designatorDropdown>PatchPack_Boilers</designatorDropdown>
							</value>
						</li>
						<li Class="PatchOperationAdd">
							<xpath>/Defs/ThingDef[defName="ElectricBoiler"][not(designatorDropdown)]</xpath>
							<success>Always</success>
							<value>
								<designatorDropdown>PatchPack_Boilers</designatorDropdown>
							</value>
						</li>
					</operations>
				</match>
			</Operation>
		</caseTrue>
	</Operation>
	
	<!-- ############################ Misc ############################ -->
	
	<Operation Class="XmlExtensions.OptionalPatch">
		<modId>NiilosQoL</modId>
		<key>NiilosQoL_Settings_Group_Graves</key>
		<defaultValue>true</defaultValue>
		<caseTrue>
			<Operation Class="PatchOperationFindMod">
				<mods>
					<li>Niilo's Misc Stuff</li>
				</mods>
				<match Class="PatchOperationSequence">
					<operations>
						<li Class="PatchOperationAdd">
							<xpath>/Defs/ThingDef[defName="Niilo_Misc_Grave_Poor"][not(designatorDropdown)]</xpath>
							<success>Always</success>
							<value>
								<designatorDropdown>PatchPack_Graves</designatorDropdown>
							</value>
						</li>
						<li Class="PatchOperationAdd">
							<xpath>/Defs/ThingDef[defName="Niilo_Misc_Grave_Impressive"][not(designatorDropdown)]</xpath>
							<success>Always</success>
							<value>
								<designatorDropdown>PatchPack_Graves</designatorDropdown>
							</value>
						</li>
						<li Class="PatchOperationAdd">
							<xpath>/Defs/ThingDef[defName="Grave"][not(designatorDropdown)]</xpath>
							<success>Always</success>
							<value>
								<designatorDropdown>PatchPack_Graves</designatorDropdown>
							</value>
						</li>
					</operations>
				</match>
			</Operation>
		</caseTrue>
	</Operation>
</Patch>