<?xml version="1.0" encoding="utf-8" ?>
<Patch>
	<Operation Class="XmlExtensions.OptionalPatch">
		<modId>NiilosQoL</modId>
		<key>NiilosQoL_Settings_ReOrder_Main</key>
		<!--By default, apply the patch-->
		<defaultValue>true</defaultValue>
		<caseTrue>
			<Operation Class="XmlExtensions.UseSettings">
				<modId>NiilosQoL</modId>
				<keys>
				<li>Main_Tab_Pos_MedicalTab</li>
				<li>Main_Tab_Pos_Research</li>
				<li>Main_Tab_Pos_Atomics_Research</li>
				<li>Main_Tab_Pos_Robots</li>
				<li>Main_Tab_Pos_Mechanoids</li>
				<li>Main_Tab_Pos_Animals</li>
				<li>Main_Tab_Pos_World</li>
				<li>Main_Tab_Pos_Colonist_History</li>
				<li>Main_Tab_Pos_Ideology</li>
				<li>Main_Tab_Pos_Manager</li>
				<li>Main_Tab_Pos_Auto_Sell</li>
				<li>Main_Tab_Pos_Power_PP</li>
				<li>Main_Tab_Pos_Pharmacist</li>
				<li>Main_Tab_Pos_Drug_Response</li>
				<li></li>
				<li>Main_Tab_Pos_Dubs_Analyzer</li>
				</keys>
				<defaultValues>
				<li>31</li> <!-- Medical Tab -->
				<li>51</li> <!-- Research Tab -->
				<li>52</li> <!-- Atomic Research Tab -->
				<li>42</li> <!-- Robots Tab -->
				<li>43</li> <!-- Mechanoids Tab -->
				<li>45</li> <!-- Animals Tab -->
				<li>79</li>
				<li>81</li> <!-- Colonist History -->
				<li>100</li>
				<li>110</li>
				<li>120</li>
				<li>130</li>
				<li>140</li>
				<li>150</li>
				<li></li>
				<li>499</li>
				</defaultValues>
				<apply>
					<Operation Class="PatchOperationFindMod">
						<mods>
							<li>Medical Tab</li>
						</mods>
						<match Class="PatchOperationSequence">
							<operations>
								<li Class="PatchOperationReplace">
									<xpath>/Defs/MainButtonDef[defName="MedicalTab"]/order</xpath>
									<value>
										<order>{Main_Tab_Pos_MedicalTab}</order>
									</value>
								</li>
								<li Class="XmlExtensions.PatchOperationSafeAddOrReplace">
									<xpath>/Defs/MainButtonDef[defName="MedicalTab"]</xpath>
									<value>
										<minimized>True</minimized>
									</value>
								</li>
							</operations>
						</match>
					</Operation>
					
					<Operation Class="PatchOperationFindMod">
						<mods>
							<li>What the hack?!</li>
						</mods>
						<match Class="PatchOperationSequence">
							<operations>
								<li Class="PatchOperationReplace">
									<xpath>/Defs/MainButtonDef[defName="WTH_Tab_Mechanoids"]/order</xpath>
									<value>
										<order>{Main_Tab_Pos_Mechanoids}</order>
									</value>
								</li>
								<li Class="XmlExtensions.PatchOperationSafeAddOrReplace">
									<xpath>/Defs/MainButtonDef[defName="WTH_Tab_Mechanoids"]</xpath>
									<value>
										<minimized>True</minimized>
									</value>
								</li>
							</operations>
						</match>
					</Operation>
					
					<Operation Class="PatchOperationReplace">
						<xpath>/Defs/MainButtonDef[defName="Animals"]/order</xpath>
						<value>
							<order>{Main_Tab_Pos_Animals}</order>
						</value>
					</Operation>
					
					<Operation Class="PatchOperationReplace">
						<xpath>/Defs/MainButtonDef[defName="Research"]/order</xpath>
						<value>
							<order>{Main_Tab_Pos_Research}</order>
						</value>
					</Operation>
					
					<Operation Class="PatchOperationFindMod">
						<mods>
							<li>Dubs Rimatomics</li>
							<li>Rimatomics</li>
						</mods>
						<match Class="PatchOperationSequence">
							<operations>
								<li Class="PatchOperationReplace">
									<xpath>/Defs/MainButtonDef[defName="Rimatomics"]/order</xpath>
									<value>
										<order>52</order>
									</value>
								</li>
							</operations>
						</match>
					</Operation>
					
					<Operation Class="PatchOperationReplace">
						<xpath>/Defs/MainButtonDef[defName="World"]/order</xpath>
						<value>
							<order>{Main_Tab_Pos_World}</order>
						</value>
					</Operation>
					
					<Operation Class="XmlExtensions.PatchOperationSafeAddOrReplace">
						<xpath>/Defs/MainButtonDef[defName="Wildlife"]</xpath>
						<value>
							<minimized>True</minimized>
						</value>
					</Operation>
					
					<Operation Class="PatchOperationFindMod">
						<mods>
							<li>Colony Manager</li>
						</mods>
						<match Class="PatchOperationSequence">
							<operations>
								<li Class="PatchOperationReplace">
									<xpath>/Defs/MainButtonDef[defName="Fluffy_Manager"]/order</xpath>
									<value>
										<order>{Main_Tab_Pos_Manager}</order>
									</value>
								</li>
							</operations>
						</match>
					</Operation>

					<Operation Class="PatchOperationFindMod">
						<mods>
							<li>Auto Seller</li>
						</mods>
						<match Class="PatchOperationSequence">
							<operations>
								<li Class="PatchOperationReplace">
									<xpath>/Defs/MainButtonDef[defName="AutoSell"]/order</xpath>
									<value>
										<order>{Main_Tab_Pos_Auto_Sell}</order>
									</value>
								</li>
							</operations>
						</match>
					</Operation>
					
					<Operation Class="PatchOperationFindMod">
						<mods>
							<li>Power++</li>
						</mods>
						<match Class="PatchOperationSequence">
							<operations>
								<li Class="PatchOperationReplace">
									<xpath>/Defs/MainButtonDef[defName="ARKPP_PowerPP"]/order</xpath>
									<value>
										<order>130</order>
									</value>
								</li>
							</operations>
						</match>
					</Operation>
					
					<Operation Class="PatchOperationFindMod">
						<mods>
							<li>Pharmacist</li>
						</mods>
						<match Class="PatchOperationSequence">
							<operations>
								<li Class="PatchOperationReplace">
									<xpath>/Defs/MainButtonDef[defName="Pharmacist"]/order</xpath>
									<value>
										<order>{Main_Tab_Pos_Pharmacist}</order>
									</value>
								</li>
								<li Class="XmlExtensions.PatchOperationSafeAddOrReplace">
									<xpath>/Defs/MainButtonDef[defName="Pharmacist"]</xpath>
									<value>
										<minimized>True</minimized>
									</value>
								</li>
							</operations>
						</match>
					</Operation>
					
					<Operation Class="PatchOperationFindMod">
						<mods>
							<li>Drug Response (Continued)</li>
							<li>Drug Response</li>
						</mods>
						<match Class="PatchOperationSequence">
							<operations>
								<li Class="PatchOperationReplace">
									<xpath>/Defs/MainButtonDef[defName="DrugResponse"]/order</xpath>
									<value>
										<order>{Main_Tab_Pos_Drug_Response}</order>
									</value>
								</li>
							</operations>
						</match>
					</Operation>
					
					<Operation Class="PatchOperationFindMod">
						<mods>
							<li>Dubs Performance Analyzer</li>
						</mods>
						<match Class="PatchOperationSequence">
							<operations>
								<li Class="PatchOperationReplace">
									<xpath>/Defs/MainButtonDef[defName="DubsOptimizer"]/order</xpath>
									<value>
										<order>{Main_Tab_Pos_Dubs_Analyzer}</order>
									</value>
								</li>
							</operations>
						</match>
					</Operation>

					<Operation Class="PatchOperationFindMod">
						<mods>
							<li>Misc. Robots</li>
						</mods>
						<match Class="PatchOperationSequence">
							<operations>
								<li Class="PatchOperationReplace">
									<xpath>/Defs/MainButtonDef[defName="AIRobots"]/order</xpath>
									<value>
										<order>{Main_Tab_Pos_Robots}</order>
									</value>
								</li>
								<li Class="XmlExtensions.PatchOperationSafeAddOrReplace">
									<xpath>/Defs/MainButtonDef[defName="AIRobots"]</xpath>
									<value>
										<minimized>True</minimized>
									</value>
								</li>
							</operations>
						</match>
					</Operation>
					
					<Operation Class="PatchOperationFindMod">
						<mods>
							<li>Ideology</li>
						</mods>
						<match Class="PatchOperationSequence">
							<operations>
								<li Class="PatchOperationReplace">
									<xpath>/Defs/MainButtonDef[defName="Ideos"]/order</xpath>
									<value>
										<order>{Main_Tab_Pos_Ideology}</order>
									</value>
								</li>
							</operations>
						</match>
					</Operation>
					
					<Operation Class="PatchOperationFindMod">
						<mods>
							<li>RIMMSqol</li>
						</mods>
						<match Class="PatchOperationSequence">
							<operations>
								<li Class="XmlExtensions.PatchOperationSafeAddOrReplace">
									<xpath>/Defs/MainButtonDef[defName="MSqolRPG"]</xpath>
									<value>
										<minimized>True</minimized>
									</value>
								</li>
								<li Class="XmlExtensions.PatchOperationSafeAddOrReplace">
									<xpath>/Defs/MainButtonDef[defName="MSqolSearch"]</xpath>
									<value>
										<minimized>True</minimized>
									</value>
								</li>
								<li Class="XmlExtensions.PatchOperationSafeAddOrReplace">
									<xpath>/Defs/MainButtonDef[defName="MSqolStoryteller"]</xpath>
									<value>
										<minimized>True</minimized>
									</value>
								</li>
							</operations>
						</match>
					</Operation>
					
					<Operation Class="PatchOperationFindMod">
						<mods>
							<li>Core</li>
						</mods>
						<match Class="PatchOperationSequence">
							<operations>
								<li Class="XmlExtensions.PatchOperationSafeAddOrReplace">
									<xpath>/Defs/MainButtonDef[defName="History"]</xpath>
									<value>
										<minimized>True</minimized>
									</value>
								</li>
							</operations>
						</match>
					</Operation>
					
					<Operation Class="PatchOperationFindMod">
						<mods>
							<li>Colonist History</li>
						</mods>
						<match Class="PatchOperationSequence">
							<operations>
								<li Class="PatchOperationReplace">
									<xpath>/Defs/MainButtonDef[defName="TMB_ColonistHistory"]/order</xpath>
									<value>
										<order>{Main_Tab_Pos_Colonist_History}</order>
									</value>
								</li>
							</operations>
						</match>
					</Operation>
					
					<Operation Class="PatchOperationFindMod">
						<mods>
							<li>Core</li>
						</mods>
						<match Class="PatchOperationSequence">
							<operations>
								<li Class="XmlExtensions.PatchOperationSafeAddOrReplace">
									<xpath>/Defs/MainButtonDef[defName="Menu"]</xpath>
									<value>
										<minimized>True</minimized>
									</value>
								</li>
							</operations>
						</match>
					</Operation>
				</apply>
			</Operation>
		</caseTrue>
	</Operation>
	
	<Operation Class="XmlExtensions.OptionalPatch">
		<modId>NiilosQoL</modId>
		<key>NiilosQoL_Settings_RIMMSqol_1</key>
		<defaultValue>true</defaultValue>
		<caseTrue>
			<Operation Class="PatchOperationFindMod">
				<mods>
					<li>RIMMSqol</li>
				</mods>
				<match Class="PatchOperationSequence">
					<operations>
						<li Class="XmlExtensions.PatchOperationAddOrReplace">
							<xpath>/Defs/MainButtonDef[defName="MSqolSearch"]</xpath>
							<value>
								<buttonVisible>false</buttonVisible>
							</value>
						</li>
						<li Class="XmlExtensions.PatchOperationAddOrReplace">
							<xpath>/Defs/MainButtonDef[defName="MSqolStoryteller"]</xpath>
							<value>
								<buttonVisible>false</buttonVisible>
							</value>
						</li>
					</operations>
				</match>
			</Operation>
		</caseTrue>
	</Operation>
</Patch>