<?xml version="1.0" encoding="utf-8" ?>
<Patch>
	<Operation Class="XmlExtensions.UseSetting">
		<modId>NiilosQoL</modId>
		<key>radioKey_Minify</key>
		<defaultValue>NiilosQoL_Settings_Enable_Mass</defaultValue>
		<apply>
			<Operation Class="XmlExtensions.PatchByCase">
				<value>{radioKey_Minify}</value>
				<cases>
					<li>
						<value>NiilosQoL_Settings_Enable_Minify</value>
						<apply>
						</apply>
					</li>
					<li>
						<value>OFF</value>
						<apply>
						</apply>
					</li>
					<li>
						<value>NiilosQoL_Settings_Enable_Minify_Mass</value>
						<apply>
						</apply>
					</li>
					<li>
						<value>NiilosQoL_Settings_Enable_Mass</value>
						<apply>
							<Operation Class="PatchOperationSequence">
								<operations>
											
									<!-- ###################### Buildings_Power ###################### -->

									<li Class="XmlExtensions.PatchOperationSafeAdd">
										<xpath>/Defs/ThingDef[defName="PowerSwitch"][not(Mass)]/statBases</xpath>
											<value>
												<Mass>5</Mass>
											</value>
									</li>
									
									<!-- ######## Generators ######## -->
									
									<li Class="XmlExtensions.PatchOperationSafeAdd">
										<xpath>/Defs/ThingDef[defName="WoodFiredGenerator"][not(Mass)]/statBases</xpath>
											<value>
												<Mass>75</Mass>
											</value>
									</li>
									
									<li Class="XmlExtensions.PatchOperationSafeAdd">
										<xpath>/Defs/ThingDef[defName="ChemfuelPoweredGenerator"][not(Mass)]/statBases</xpath>
											<value>
												<Mass>75</Mass>
											</value>
									</li>
									
									<!-- ######## Renevable ######## -->
									
									<li Class="XmlExtensions.PatchOperationSafeAdd">
										<xpath>/Defs/ThingDef[defName="WindTurbine"][not(Mass)]/statBases</xpath>
											<value>
												<Mass>100</Mass>
											</value>
									</li>
									
									<li Class="XmlExtensions.PatchOperationSafeAdd">
										<xpath>/Defs/ThingDef[defName="SolarGenerator"][not(Mass)]/statBases</xpath>
											<value>
												<Mass>50</Mass>
											</value>
									</li>
									
									<li Class="XmlExtensions.PatchOperationSafeAdd">
										<xpath>/Defs/ThingDef[defName="GeothermalGenerator"][not(Mass)]/statBases</xpath>
											<value>
												<Mass>200</Mass>
											</value>
									</li>
									
									<li Class="XmlExtensions.PatchOperationSafeAdd">
										<xpath>/Defs/ThingDef[defName="WatermillGenerator"][not(Mass)]/statBases</xpath>
											<value>
												<Mass>150</Mass>
											</value>
									</li>
									
									<!-- ######## Scanners ######## -->
									
									<li Class="XmlExtensions.PatchOperationSafeAdd">
										<xpath>/Defs/ThingDef[defName="GroundPenetratingScanner"][not(Mass)]/statBases</xpath>
											<value>
												<Mass>150</Mass>
											</value>
									</li>
									
									<li Class="XmlExtensions.PatchOperationSafeAdd">
										<xpath>/Defs/ThingDef[defName="LongRangeMineralScanner"][not(Mass)]/statBases</xpath>
											<value>
												<Mass>200</Mass>
											</value>
									</li>

									<!-- ######## Torches ######## -->
									
									<li Class="XmlExtensions.PatchOperationSafeAdd">
										<xpath>/Defs/ThingDef[@Name="TorchLamp"][not(Mass)]/statBases</xpath>
											<value>
												<Mass>2</Mass>
											</value>
									</li>
									
									<li Class="PatchOperationFindMod">
										<mods>
											<li>Vanilla Factions Expanded - Medieval</li>
										</mods>
										<match Class="PatchOperationSequence">
											<operations>
												<li Class="XmlExtensions.PatchOperationSafeAdd">
													<xpath>/Defs/ThingDef[defName="VFEM_WallTorchLamp"][not(Mass)]/statBases</xpath>
														<value>
															<Mass>2</Mass>
														</value>
												</li>
											</operations>
										</match>
									</li>
									
									<!-- ###################### Buildings_Temperature ###################### -->
									
									<li Class="XmlExtensions.PatchOperationSafeAdd">
										<xpath>/Defs/ThingDef[defName="Campfire"][not(Mass)]/statBases</xpath>
											<value>
												<Mass>10</Mass>
											</value>
									</li>
									
									<li Class="XmlExtensions.PatchOperationSafeAdd">
										<xpath>/Defs/ThingDef[defName="PassiveCooler"][not(Mass)]/statBases</xpath>
											<value>
												<Mass>20</Mass>
											</value>
									</li>

									<li Class="XmlExtensions.PatchOperationSafeAdd">
										<xpath>/Defs/ThingDef[defName="Cooler"][not(Mass)]/statBases</xpath>
											<value>
												<Mass>30</Mass>
											</value>
									</li>

									<li Class="XmlExtensions.PatchOperationSafeAdd">
										<xpath>/Defs/ThingDef[defName="Vent"][not(Mass)]/statBases</xpath>
											<value>
												<Mass>20</Mass>
											</value>
									</li>
									
									<!-- ###################### Buildings_Production ###################### -->
									
	
									<li Class="XmlExtensions.PatchOperationSafeAdd">
										<xpath>/Defs/ThingDef[defName="ElectricCrematorium"][not(Mass)]/statBases</xpath>
											<value>
												<Mass>300</Mass>
											</value>
									</li>
						
									<li Class="XmlExtensions.PatchOperationSafeAdd">
										<xpath>/Defs/ThingDef[defName="HydroponicsBasin"][not(Mass)]/statBases</xpath>
											<value>
												<Mass>200</Mass>
											</value>
									</li>

									<li Class="XmlExtensions.PatchOperationSafeAdd">
										<xpath>/Defs/ThingDef[defName="BiofuelRefinery"][not(Mass)]/statBases</xpath>
											<value>
												<Mass>200</Mass>
											</value>
									</li>
				
									<li Class="XmlExtensions.PatchOperationSafeAddOrReplace">
										<xpath>/Defs/ThingDef[defName="FabricationBench"][not(Mass)]/statBases</xpath>
											<value>
												<Mass>300</Mass>
											</value>
									</li>
									
					
									<li Class="XmlExtensions.PatchOperationSafeAdd">
										<xpath>/Defs/ThingDef[defName="HiTechResearchBench"][not(Mass)]/statBases</xpath>
											<value>
												<Mass>300</Mass>
											</value>
									</li>
				
									<li Class="XmlExtensions.PatchOperationSafeAdd">
										<xpath>/Defs/ThingDef[defName="NutrientPasteDispenser"][not(Mass)]/statBases</xpath>
											<value>
												<Mass>300</Mass>
											</value>
									</li>
					
									<li Class="XmlExtensions.PatchOperationSafeAdd">
										<xpath>/Defs/ThingDef[defName="Hopper"][not(Mass)]/statBases</xpath>
											<value>
												<Mass>10</Mass>
											</value>
									</li>
									
									<!-- ###################### Buildings_ ###################### -->
									

									<li Class="XmlExtensions.PatchOperationSafeAdd">
										<xpath>/Defs/ThingDef[defName="PodLauncher"][not(Mass)]/statBases</xpath>
											<value>
												<Mass>150</Mass>
											</value>
									</li>
									
									<li Class="PatchOperationFindMod">
										<mods>
											<li>Minify More</li>
										</mods>
										<nomatch Class="PatchOperationSequence">
											<operations>
					
												<li Class="XmlExtensions.PatchOperationSafeAdd">
													<xpath>/Defs/ThingDef[@Name="AutocannonTurret"][not(Mass)]/statBases</xpath>
														<value>
															<Mass>150</Mass>
														</value>
												</li>
											</operations>
										</nomatch>
									</li>
									
									<li Class="PatchOperationFindMod">
										<mods>
											<li>Vanilla Furniture Expanded - Security</li>
										</mods>
										<match Class="PatchOperationSequence">
											<operations>
			
												<li Class="XmlExtensions.PatchOperationSafeAdd">
													<xpath>/Defs/ThingDef[defName="VFES_Turret_AutocannonDouble"][not(Mass)]/statBases</xpath>
														<value>
															<Mass>200</Mass>
														</value>
												</li>
												
	
												<li Class="XmlExtensions.PatchOperationSafeAdd">
													<xpath>/Defs/ThingDef[defName="VFES_Turret_TriRocket"][not(Mass)]/statBases</xpath>
														<value>
															<Mass>250</Mass>
														</value>
												</li>
												

												<li Class="XmlExtensions.PatchOperationSafeAdd">
													<xpath>/Defs/ThingDef[defName="VFES_Turret_Ballista"][not(Mass)]/statBases</xpath>
														<value>
															<Mass>200</Mass>
														</value>
												</li>
												
												<li Class="XmlExtensions.PatchOperationSafeAdd">
													<xpath>/Defs/ThingDef[defName="VFES_Turret_Catapult"][not(Mass)]/statBases</xpath>
														<value>
															<Mass>250</Mass>
														</value>
												</li>
							
												<li Class="XmlExtensions.PatchOperationSafeAdd">
													<xpath>/Defs/ThingDef[defName="VFES_Turret_ChargeTurret"][not(Mass)]/statBases</xpath>
														<value>
															<Mass>250</Mass>
														</value>
												</li>
												
					
												<li Class="XmlExtensions.PatchOperationSafeAdd">
													<xpath>/Defs/ThingDef[defName="VFES_Turret_ChargeRailgunTurret"][not(Mass)]/statBases</xpath>
														<value>
															<Mass>300</Mass>
														</value>
												</li>
									
												<li Class="XmlExtensions.PatchOperationSafeAdd">
													<xpath>/Defs/ThingDef[defName="VFES_Turret_EMPTurret"][not(Mass)]/statBases</xpath>
														<value>
															<Mass>200</Mass>
														</value>
												</li>
											</operations>
										</match>
									</li>
									<!-- ############################ Hygiene ############################ -->
									<li Class="PatchOperationFindMod">
										<mods>
											<li>Dubs Bad Hygiene</li>
										</mods>
										<match Class="PatchOperationSequence">
											<operations>
												<li Class="XmlExtensions.PatchOperationSafeAdd">
													<xpath>/Defs/ThingDef[defName="WaterTowerS"][not(Mass)]/statBases</xpath>
														<value>
															<Mass>300</Mass>
														</value>
												</li>
												
									
												<li Class="XmlExtensions.PatchOperationSafeAdd">
													<xpath>/Defs/ThingDef[defName="WaterTowerL"][not(Mass)]/statBases</xpath>
														<value>
															<Mass>600</Mass>
														</value>
												</li>
												
									
												<li Class="XmlExtensions.PatchOperationSafeAdd">
													<xpath>/Defs/ThingDef[defName="WindPump"][not(Mass)]/statBases</xpath>
														<value>
															<Mass>200</Mass>
														</value>
												</li>
												
									
												<li Class="XmlExtensions.PatchOperationSafeAdd">
													<xpath>/Defs/ThingDef[defName="PumpingStation"][not(Mass)]/statBases</xpath>
														<value>
															<Mass>500</Mass>
														</value>
												</li>
												
									
												<li Class="XmlExtensions.PatchOperationSafeAdd">
													<xpath>/Defs/ThingDef[defName="SewageOutlet"][not(Mass)]/statBases</xpath>
														<value>
															<Mass>150</Mass>
														</value>
												</li>
												
								
												<li Class="XmlExtensions.PatchOperationSafeAdd">
													<xpath>/Defs/ThingDef[defName="WaterTreatment"][not(Mass)]/statBases</xpath>
														<value>
															<Mass>400</Mass>
														</value>
												</li>
											</operations>
										</match>
									</li>
									<!-- ############################ Rimefeller ############################ -->
									<li Class="PatchOperationFindMod">
										<mods>
											<li>Rimefeller</li>
										</mods>
										<match Class="PatchOperationSequence">
											<operations>
										
												<li Class="XmlExtensions.PatchOperationSafeAdd">
													<xpath>/Defs/ThingDef[defName="SparkGrid"][not(Mass)]/statBases</xpath>
														<value>
															<Mass>10</Mass>
														</value>
												</li>
												
								
												<li Class="XmlExtensions.PatchOperationSafeAdd">
													<xpath>/Defs/ThingDef[defName="OilStorage"][not(Mass)]/statBases</xpath>
														<value>
															<Mass>600</Mass>
														</value>
												</li>
										
												<li Class="XmlExtensions.PatchOperationSafeAdd">
													<xpath>/Defs/ThingDef[defName="FuelStorage"][not(Mass)]/statBases</xpath>
														<value>
															<Mass>600</Mass>
														</value>
												</li>
											</operations>
										</match>
									</li>
									
									<!-- ############################ Misc ############################ -->
									
									<li Class="XmlExtensions.PatchOperationSafeAdd">
										<xpath>/Defs/ThingDef[defName="MultiAnalyzer"][not(Mass)]/statBases</xpath>
											<value>
												<Mass>100</Mass>
											</value>
									</li>
									
									<li Class="XmlExtensions.PatchOperationSafeAdd">
										<xpath>/Defs/ThingDef[defName="Sarcophagus"][not(Mass)]/statBases</xpath>
											<value>
												<Mass>50</Mass>
											</value>
									</li>

									<li Class="XmlExtensions.PatchOperationSafeAdd">
										<xpath>/Defs/ThingDef[defName="AncientCryptosleepCasket"][not(Mass)]/statBases</xpath>
											<value>
												<Mass>600</Mass>
											</value>
									</li>
									
									<li Class="XmlExtensions.PatchOperationSafeAdd">
										<xpath>/Defs/ThingDef[defName="MoisturePump"][not(Mass)]/statBases</xpath>
											<value>
												<Mass>10</Mass>
											</value>
									</li>
									
									<li Class="XmlExtensions.PatchOperationSafeAdd">
										<xpath>/Defs/ThingDef[defName="CommsConsole"][not(Mass)]/statBases</xpath>
											<value>
												<Mass>40</Mass>
											</value>
									</li>
	
									<li Class="XmlExtensions.PatchOperationSafeAdd">
										<xpath>/Defs/ThingDef[defName="SteleGrand"][not(Mass)]/statBases</xpath>
											<value>
												<Mass>250</Mass>
											</value>
									</li>
									
									<li Class="XmlExtensions.PatchOperationSafeAdd">
										<xpath>/Defs/ThingDef[defName="SteleLarge"][not(Mass)]/statBases</xpath>
											<value>
												<Mass>150</Mass>
											</value>
									</li>
									

									<li Class="XmlExtensions.PatchOperationSafeAdd">
										<xpath>/Defs/ThingDef[defName="CryptosleepCasket"][not(Mass)]/statBases</xpath>
											<value>
												<Mass>300</Mass>
											</value>
									</li>
									
									<li Class="PatchOperationFindMod">
										<mods>
											<li>Vanilla Furniture Expanded - Medical Module</li>
										</mods>
										<match Class="PatchOperationSequence">
											<operations>
												<li Class="XmlExtensions.PatchOperationSafeAdd">
													<xpath>/Defs/ThingDef[defName="Facility_ResearchCounter"][not(Mass)]/statBases</xpath>
														<value>
															<Mass>10</Mass>
														</value>
												</li>
											</operations>
										</match>
									</li>
									
									<!-- ############################ Ideology ############################ -->
									
									<li Class="PatchOperationFindMod">
										<mods>
											<li>Ideology</li>
										</mods>
										<match Class="PatchOperationSequence">
											<operations>
												
												<!-- ######## Altars ######## -->
											

												<li Class="XmlExtensions.PatchOperationSafeAdd">
													<xpath>/Defs/ThingDef[defName="Altar_Small"][not(Mass)]/statBases</xpath>
														<value>
															<Mass>200</Mass>
														</value>
												</li>

												<li Class="XmlExtensions.PatchOperationSafeAdd">
													<xpath>/Defs/ThingDef[defName="Altar_Medium"][not(Mass)]/statBases</xpath>
														<value>
															<Mass>400</Mass>
														</value>
												</li>

												<li Class="XmlExtensions.PatchOperationSafeAdd">
													<xpath>/Defs/ThingDef[defName="Altar_Large"][not(Mass)]/statBases</xpath>
														<value>
															<Mass>600</Mass>
														</value>
												</li>
	
												<li Class="XmlExtensions.PatchOperationSafeAdd">
													<xpath>/Defs/ThingDef[defName="Altar_Grand"][not(Mass)]/statBases</xpath>
														<value>
															<Mass>800</Mass>
														</value>
												</li>
												<!-- ######## Misc ######## -->

												<li Class="XmlExtensions.PatchOperationSafeAdd">
													<xpath>/Defs/ThingDef[defName="Reliquary"][not(Mass)]/statBases</xpath>
														<value>
															<Mass>200</Mass>
														</value>
												</li>
											</operations>
										</match>
									</li>
									
									<!-- ######## Buildings_Structures ######## -->
									
									<li Class="XmlExtensions.PatchOperationSafeAdd">
										<xpath>/Defs/ThingDef[defName="Column"][not(Mass)]/statBases</xpath>
											<value>
												<Mass>50</Mass>
											</value>
									</li>
								</operations>
							</Operation>
							<!--As many operations as you want-->
						</apply>
					</li>
					<!--As many cases as you want-->
				</cases>
			</Operation>
		</apply>   
	</Operation>
</Patch>