<?xml version="1.0" encoding="utf-8" ?>
<Patch>
	<Operation Class="XmlExtensions.UseSetting">
		<modId>NiilosQoL</modId>
		<key>radioKey_Minify</key>
		<defaultValue>NiilosQoL_Settings_Enable_Mass</defaultValue>
		<apply>
			<Operation Class="XmlExtensions.PatchByCase">
				<value>{radioKey_Minify}</value>
				<cases>
					<li>
						<value>NiilosQoL_Settings_Enable_Minify</value>
						<apply>
							<Operation Class="XmlExtensions.Log">
								<warning>Warning! Using "Minify Only" option will most likely cause errors. (Niilo's QoL)</warning>
							</Operation>
							<Operation Class="PatchOperationFindMod">
								<mods>
									<li>MinifyEverything</li>
								</mods>
								<match Class="XmlExtensions.Log">
									<warning>Use setting "Patch Mass Only" when using "MinifyEverything"! (Niilo's QoL)</warning>
								</match>
							</Operation>
						</apply>
					</li>
					<li>
						<value>NiilosQoL_Settings_Enable_Mass</value>
						<apply>
						</apply>
					</li>
					<li>
						<value>OFF</value>
						<apply>
						</apply>
					</li>
					<li>
						<value>NiilosQoL_Settings_Enable_Minify_Mass</value>
						<apply>
							<Operation Class="PatchOperationSequence">
								<operations>
											
									<li Class="PatchOperationFindMod">
										<mods>
											<li>MinifyEverything</li>
										</mods>
										<match Class="XmlExtensions.Log">
											<warning>Use setting "Patch Mass Only" when using "MinifyEverything"! (Niilo's QoL)</warning>
										</match>
									</li>
									
									<!-- ###################### Buildings_Power ###################### -->

									<li Class="XmlExtensions.PatchOperationSafeAdd">
										<xpath>Defs/ThingDef[defName="PowerSwitch"]</xpath>
											<value>
												<minifiedDef>MinifiedThing</minifiedDef>
												<thingCategories>
													<li>BuildingsPower</li>
												</thingCategories>
											</value>
									</li>
									<li Class="XmlExtensions.PatchOperationSafeAdd">
										<xpath>/Defs/ThingDef[defName="PowerSwitch"][not(Mass)]/statBases</xpath>
											<value>
												<Mass>5</Mass>
											</value>
									</li>
									
									<!-- ######## Generators ######## -->
									
									<li Class="XmlExtensions.PatchOperationSafeAdd">
										<xpath>Defs/ThingDef[defName="WoodFiredGenerator"]</xpath>
											<value>
												<minifiedDef>MinifiedThing</minifiedDef>
												<thingCategories>
													<li>BuildingsPower</li>
												</thingCategories>
											</value>
									</li>
									<li Class="XmlExtensions.PatchOperationSafeAdd">
										<xpath>/Defs/ThingDef[defName="WoodFiredGenerator"][not(Mass)]/statBases</xpath>
											<value>
												<Mass>200</Mass>
											</value>
									</li>
									
									<li Class="XmlExtensions.PatchOperationSafeAdd">
										<xpath>Defs/ThingDef[defName="ChemfuelPoweredGenerator"]</xpath>
											<value>
												<minifiedDef>MinifiedThing</minifiedDef>
												<thingCategories>
													<li>BuildingsPower</li>
												</thingCategories>
											</value>
									</li>
									<li Class="XmlExtensions.PatchOperationSafeAdd">
										<xpath>/Defs/ThingDef[defName="ChemfuelPoweredGenerator"][not(Mass)]/statBases</xpath>
											<value>
												<Mass>200</Mass>
											</value>
									</li>
									
									<li Class="PatchOperationFindMod">
										<mods>
											<li>Vanilla Furniture Expanded - Power</li>
										</mods>
										<match Class="PatchOperationSequence">
											<operations>
												<li Class="XmlExtensions.PatchOperationSafeAdd">
													<xpath>/Defs/ThingDef[defName="VFE_IndustrialWoodFiredGenerator"]</xpath>
														<value>
															<minifiedDef>MinifiedThing</minifiedDef>
															<thingCategories>
																<li>BuildingsPower</li>
															</thingCategories>
														</value>
												</li>
												<li Class="XmlExtensions.PatchOperationSafeAdd">
													<xpath>/Defs/ThingDef[defName="VFE_IndustrialWoodFiredGenerator"][not(Mass)]/statBases</xpath>
														<value>
															<Mass>800</Mass>
														</value>
												</li>
												
												<li Class="XmlExtensions.PatchOperationSafeAdd">
													<xpath>/Defs/ThingDef[defName="VFE_IndustrialChemfuelPoweredGenerator"]</xpath>
														<value>
															<minifiedDef>MinifiedThing</minifiedDef>
															<thingCategories>
																<li>BuildingsPower</li>
															</thingCategories>
														</value>
												</li>
												<li Class="XmlExtensions.PatchOperationSafeAdd">
													<xpath>/Defs/ThingDef[defName="VFE_IndustrialChemfuelPoweredGenerator"][not(Mass)]/statBases</xpath>
														<value>
															<Mass>800</Mass>
														</value>
												</li>
												
												<li Class="XmlExtensions.PatchOperationSafeAdd">
													<xpath>/Defs/ThingDef[defName="VPE_NuclearGenerator"]</xpath>
														<value>
															<minifiedDef>MinifiedThing</minifiedDef>
															<thingCategories>
																<li>BuildingsPower</li>
															</thingCategories>
														</value>
												</li>
												<li Class="XmlExtensions.PatchOperationSafeAdd">
													<xpath>/Defs/ThingDef[defName="VPE_NuclearGenerator"][not(Mass)]/statBases</xpath>
														<value>
															<Mass>3000</Mass>
														</value>
												</li>
												
												<li Class="XmlExtensions.PatchOperationSafeAdd">
													<xpath>/Defs/ThingDef[defName="VPE_GasCrematorium"]</xpath>
														<value>
															<minifiedDef>MinifiedThing</minifiedDef>
															<thingCategories>
																<li>BuildingsProduction</li>
															</thingCategories>
														</value>
												</li>
												<li Class="XmlExtensions.PatchOperationSafeAdd">
													<xpath>/Defs/ThingDef[defName="VPE_GasCrematorium"][not(Mass)]/statBases</xpath>
														<value>
															<Mass>500</Mass>
														</value>
												</li>
												
												<li Class="XmlExtensions.PatchOperationSafeAdd">
													<xpath>/Defs/ThingDef[defName="VPE_GasPodLauncher"]</xpath>
														<value>
															<minifiedDef>MinifiedThing</minifiedDef>
															<thingCategories>
																<li>BuildingsMisc</li>
															</thingCategories>
														</value>
												</li>
												<li Class="XmlExtensions.PatchOperationSafeAdd">
													<xpath>/Defs/ThingDef[defName="VPE_GasPodLauncher"][not(Mass)]/statBases</xpath>
														<value>
															<Mass>150</Mass>
														</value>
												</li>
												
												<li Class="XmlExtensions.PatchOperationSafeAdd">
													<xpath>/Defs/ThingDef[defName="VPE_GasCooler"]</xpath>
														<value>
															<minifiedDef>MinifiedThing</minifiedDef>
															<thingCategories>
																<li>BuildingsTemperature</li>
															</thingCategories>
														</value>
												</li>
												<li Class="XmlExtensions.PatchOperationSafeAdd">
													<xpath>/Defs/ThingDef[defName="VPE_GasCooler"][not(Mass)]/statBases</xpath>
														<value>
															<Mass>50</Mass>
														</value>
												</li>
												
												<li Class="XmlExtensions.PatchOperationSafeRemove">
													<xpath>Defs/ThingDef[defName="VPE_GasBiofuelRefinery"]/thingCategories</xpath>
												</li>
												<li Class="XmlExtensions.PatchOperationSafeRemove">
													<xpath>Defs/ThingDef[defName="VPE_GasBiofuelRefinery"]/minifiedDef</xpath>
												</li>
												<li Class="XmlExtensions.PatchOperationSafeAdd">
													<xpath>/Defs/ThingDef[defName="VPE_GasBiofuelRefinery"]</xpath>
														<value>
															<minifiedDef>MinifiedThing</minifiedDef>
															<thingCategories Inherit="false">
																<li>BuildingsProduction</li>
															</thingCategories>
														</value>
												</li>
												<li Class="XmlExtensions.PatchOperationSafeAdd">
													<xpath>/Defs/ThingDef[defName="VPE_GasBiofuelRefinery"][not(Mass)]/statBases</xpath> 
														<value>
															<Mass>300</Mass>
														</value>
												</li>
											</operations>
										</match>
									</li>
									
									<!-- ######## Renevable ######## -->
									
									<li Class="XmlExtensions.PatchOperationSafeAdd">
										<xpath>Defs/ThingDef[defName="WindTurbine"]</xpath>
											<value>
												<minifiedDef>MinifiedThing</minifiedDef>
												<thingCategories>
													<li>BuildingsPower</li>
												</thingCategories>
											</value>
									</li>
									<li Class="XmlExtensions.PatchOperationSafeAdd">
										<xpath>/Defs/ThingDef[defName="WindTurbine"][not(Mass)]/statBases</xpath>
											<value>
												<Mass>400</Mass>
											</value>
									</li>
									
									<li Class="XmlExtensions.PatchOperationSafeAdd">
										<xpath>Defs/ThingDef[defName="SolarGenerator"]</xpath>
											<value>
												<minifiedDef>MinifiedThing</minifiedDef>
												<thingCategories>
													<li>BuildingsPower</li>
												</thingCategories>
											</value>
									</li>
									<li Class="XmlExtensions.PatchOperationSafeAdd">
										<xpath>/Defs/ThingDef[defName="SolarGenerator"][not(Mass)]/statBases</xpath>
											<value>
												<Mass>300</Mass>
											</value>
									</li>
									
									<li Class="XmlExtensions.PatchOperationSafeAdd"> <!-- May be a bit too much to be able to minify -->
										<xpath>Defs/ThingDef[defName="GeothermalGenerator"]</xpath>
											<value>
												<minifiedDef>MinifiedThing</minifiedDef>
												<thingCategories>
													<li>BuildingsPower</li>
												</thingCategories>
											</value>
									</li>
									<li Class="XmlExtensions.PatchOperationSafeAdd">
										<xpath>/Defs/ThingDef[defName="GeothermalGenerator"][not(Mass)]/statBases</xpath>
											<value>
												<Mass>1000</Mass>
											</value>
									</li>
									
									<li Class="XmlExtensions.PatchOperationSafeAdd">
										<xpath>Defs/ThingDef[defName="WatermillGenerator"]</xpath>
											<value>
												<minifiedDef>MinifiedThing</minifiedDef>
												<thingCategories>
													<li>BuildingsPower</li>
												</thingCategories>
											</value>
									</li>
									<li Class="XmlExtensions.PatchOperationSafeAdd">
										<xpath>/Defs/ThingDef[defName="WatermillGenerator"][not(Mass)]/statBases</xpath>
											<value>
												<Mass>800</Mass>
											</value>
									</li>
									
									<li Class="PatchOperationFindMod">
										<mods>
											<li>Vanilla Furniture Expanded - Power</li>
										</mods>
										<match Class="PatchOperationSequence">
											<operations>
												<li Class="XmlExtensions.PatchOperationSafeAdd">
													<xpath>/Defs/ThingDef[defName="VFE_AdvancedWindTurbine"]</xpath>
														<value>
															<minifiedDef>MinifiedThing</minifiedDef>
															<thingCategories>
																<li>BuildingsPower</li>
															</thingCategories>
														</value>
												</li>
												<li Class="XmlExtensions.PatchOperationSafeAdd">
													<xpath>/Defs/ThingDef[defName="VFE_AdvancedWindTurbine"][not(Mass)]/statBases</xpath>
														<value>
															<Mass>800</Mass>
														</value>
												</li>
												
												<li Class="XmlExtensions.PatchOperationSafeAdd">
													<xpath>/Defs/ThingDef[defName="VFE_AdvancedSolarGenerator"]</xpath>
														<value>
															<minifiedDef>MinifiedThing</minifiedDef>
															<thingCategories>
																<li>BuildingsPower</li>
															</thingCategories>
														</value>
												</li>
												<li Class="XmlExtensions.PatchOperationSafeAdd">
													<xpath>/Defs/ThingDef[defName="VFE_AdvancedSolarGenerator"][not(Mass)]/statBases</xpath>
														<value>
															<Mass>600</Mass>
														</value>
												</li>
												
												<li Class="XmlExtensions.PatchOperationSafeAdd">
													<xpath>/Defs/ThingDef[defName="VPE_AdvancedGeothermalGenerator"]</xpath>
														<value>
															<minifiedDef>MinifiedThing</minifiedDef>
															<thingCategories>
																<li>BuildingsPower</li>
															</thingCategories>
														</value>
												</li>
												<li Class="XmlExtensions.PatchOperationSafeAdd">
													<xpath>/Defs/ThingDef[defName="VPE_AdvancedGeothermalGenerator"][not(Mass)]/statBases</xpath>
														<value>
															<Mass>1500</Mass>
														</value>
												</li>
											</operations>
										</match>
									</li>
									
									<!-- ######## Scanners ######## -->
									
									<li Class="XmlExtensions.PatchOperationSafeAdd">
										<xpath>Defs/ThingDef[defName="GroundPenetratingScanner"]</xpath>
											<value>
												<minifiedDef>MinifiedThing</minifiedDef>
												<thingCategories>
													<li>BuildingsMisc</li>
												</thingCategories>
											</value>
									</li>
									<li Class="XmlExtensions.PatchOperationSafeAdd">
										<xpath>/Defs/ThingDef[defName="GroundPenetratingScanner"][not(Mass)]/statBases</xpath>
											<value>
												<Mass>150</Mass>
											</value>
									</li>
									
									<li Class="XmlExtensions.PatchOperationSafeAdd">
										<xpath>Defs/ThingDef[defName="LongRangeMineralScanner"]</xpath>
											<value>
												<minifiedDef>MinifiedThing</minifiedDef>
												<thingCategories>
													<li>BuildingsMisc</li>
												</thingCategories>
											</value>
									</li>
									<li Class="XmlExtensions.PatchOperationSafeAdd">
										<xpath>/Defs/ThingDef[defName="LongRangeMineralScanner"][not(Mass)]/statBases</xpath>
											<value>
												<Mass>200</Mass>
											</value>
									</li>

									<!-- ######## Torches ######## -->
									
									<li Class="XmlExtensions.PatchOperationSafeAdd">
										<xpath>Defs/ThingDef[@Name="TorchLamp"]</xpath>
											<value>
												<minifiedDef>MinifiedThing</minifiedDef>
												<thingCategories>
													<li>BuildingsFurniture</li>
												</thingCategories>
											</value>
									</li>
									<li Class="XmlExtensions.PatchOperationSafeAdd">
										<xpath>/Defs/ThingDef[@Name="TorchLamp"][not(Mass)]/statBases</xpath>
											<value>
												<Mass>2</Mass>
											</value>
									</li>
									
									<li Class="PatchOperationFindMod">
										<mods>
											<li>Vanilla Factions Expanded - Medieval</li>
										</mods>
										<match Class="PatchOperationSequence">
											<operations>
												<li Class="XmlExtensions.PatchOperationSafeAdd">
													<xpath>/Defs/ThingDef[defName="VFEM_WallTorchLamp"]</xpath>
														<value>
															<minifiedDef>MinifiedThing</minifiedDef>
															<thingCategories>
																<li>BuildingsFurniture</li>
															</thingCategories>
														</value>
												</li>
												<li Class="XmlExtensions.PatchOperationSafeAdd">
													<xpath>/Defs/ThingDef[defName="VFEM_WallTorchLamp"][not(Mass)]/statBases</xpath>
														<value>
															<Mass>2</Mass>
														</value>
												</li>
											</operations>
										</match>
									</li>
									
									<!-- ###################### Buildings_Temperature ###################### -->
									
									<li Class="XmlExtensions.PatchOperationSafeAdd">
										<xpath>Defs/ThingDef[defName="Campfire"]</xpath>
											<value>
												<minifiedDef>MinifiedThing</minifiedDef>
												<thingCategories>
													<li>BuildingsTemperature</li>
												</thingCategories>
											</value>
									</li>
									<li Class="XmlExtensions.PatchOperationSafeAdd">
										<xpath>/Defs/ThingDef[defName="Campfire"][not(Mass)]/statBases</xpath>
											<value>
												<Mass>10</Mass>
											</value>
									</li>
									
									<li Class="XmlExtensions.PatchOperationSafeAdd">
										<xpath>Defs/ThingDef[defName="PassiveCooler"]</xpath>
											<value>
												<minifiedDef>MinifiedThing</minifiedDef>
												<thingCategories>
													<li>BuildingsTemperature</li>
												</thingCategories>
											</value>
									</li>
									<li Class="XmlExtensions.PatchOperationSafeAdd">
										<xpath>/Defs/ThingDef[defName="PassiveCooler"][not(Mass)]/statBases</xpath>
											<value>
												<Mass>20</Mass>
											</value>
									</li>
									
									<li Class="XmlExtensions.PatchOperationSafeAdd">
										<xpath>Defs/ThingDef[defName="Cooler"]</xpath>
											<value>
												<minifiedDef>MinifiedThing</minifiedDef>
												<thingCategories>
													<li>BuildingsTemperature</li>
												</thingCategories>
											</value>
									</li>
									<li Class="XmlExtensions.PatchOperationSafeAdd">
										<xpath>/Defs/ThingDef[defName="Cooler"][not(Mass)]/statBases</xpath>
											<value>
												<Mass>30</Mass>
											</value>
									</li>
									
									<li Class="XmlExtensions.PatchOperationSafeAdd">
										<xpath>Defs/ThingDef[defName="Vent"]</xpath>
											<value>
												<minifiedDef>MinifiedThing</minifiedDef>
												<thingCategories>
													<li>BuildingsTemperature</li>
												</thingCategories>
											</value>
									</li>
									<li Class="XmlExtensions.PatchOperationSafeAdd">
										<xpath>/Defs/ThingDef[defName="Vent"][not(Mass)]/statBases</xpath>
											<value>
												<Mass>20</Mass>
											</value>
									</li>
									
									<!-- ###################### Buildings_Production ###################### -->
									
									<li Class="XmlExtensions.PatchOperationSafeAdd">
										<xpath>Defs/ThingDef[defName="ElectricCrematorium"]</xpath>
											<value>
												<minifiedDef>MinifiedThing</minifiedDef>
												<thingCategories>
													<li>BuildingsProduction</li>
												</thingCategories>
											</value>
									</li>
									<li Class="XmlExtensions.PatchOperationSafeAdd">
										<xpath>/Defs/ThingDef[defName="ElectricCrematorium"][not(Mass)]/statBases</xpath>
											<value>
												<Mass>500</Mass>
											</value>
									</li>
									
									<li Class="XmlExtensions.PatchOperationSafeAdd">
										<xpath>Defs/ThingDef[defName="HydroponicsBasin"]</xpath>
											<value>
												<minifiedDef>MinifiedThing</minifiedDef>
												<thingCategories>
													<li>BuildingsProduction</li>
												</thingCategories>
											</value>
									</li>
									<li Class="XmlExtensions.PatchOperationSafeAdd">
										<xpath>/Defs/ThingDef[defName="HydroponicsBasin"][not(Mass)]/statBases</xpath>
											<value>
												<Mass>200</Mass>
											</value>
									</li>

									<li Class="XmlExtensions.PatchOperationSafeRemove">
										<xpath>Defs/ThingDef[defName="BiofuelRefinery"]/thingCategories</xpath>
									</li>
									<li Class="XmlExtensions.PatchOperationSafeRemove">
										<xpath>Defs/ThingDef[defName="BiofuelRefinery"]/minifiedDef</xpath>
									</li>
									<li Class="XmlExtensions.PatchOperationSafeAdd">
										<xpath>Defs/ThingDef[defName="BiofuelRefinery"]</xpath>
											<value>
												<minifiedDef>MinifiedThing</minifiedDef>
												<thingCategories Inherit="false">
													<li>BuildingsProduction</li>
												</thingCategories>
											</value>
									</li>
									<li Class="XmlExtensions.PatchOperationSafeAdd">
										<xpath>/Defs/ThingDef[defName="BiofuelRefinery"][not(Mass)]/statBases</xpath>
											<value>
												<Mass>300</Mass>
											</value>
									</li>
									
									<li Class="XmlExtensions.PatchOperationSafeRemove">
										<xpath>Defs/ThingDef[defName="FabricationBench"]/thingCategories</xpath>
									</li>
									<li Class="XmlExtensions.PatchOperationSafeRemove">
										<xpath>Defs/ThingDef[defName="FabricationBench"]/minifiedDef</xpath>
									</li>
									<li Class="XmlExtensions.PatchOperationSafeAddOrReplace">
										<xpath>Defs/ThingDef[defName="FabricationBench"]</xpath>
											<value>
												<minifiedDef>MinifiedThing</minifiedDef>
												<thingCategories Inherit="false">
													<li>BuildingsProduction</li>
												</thingCategories>
											</value>
									</li>
									<li Class="XmlExtensions.PatchOperationSafeAddOrReplace">
										<xpath>/Defs/ThingDef[defName="FabricationBench"][not(Mass)]/statBases</xpath>
											<value>
												<Mass>300</Mass>
											</value>
									</li>
									
									<li Class="XmlExtensions.PatchOperationSafeRemove">
										<xpath>Defs/ThingDef[defName="HiTechResearchBench"]/thingCategories</xpath>
									</li>
									<li Class="XmlExtensions.PatchOperationSafeRemove">
										<xpath>Defs/ThingDef[defName="HiTechResearchBench"]/minifiedDef</xpath>
									</li>
									<li Class="XmlExtensions.PatchOperationSafeAdd">
										<xpath>Defs/ThingDef[defName="HiTechResearchBench"]</xpath>
											<value>
												<minifiedDef>MinifiedThing</minifiedDef>
												<thingCategories Inherit="false">
													<li>BuildingsProduction</li>
												</thingCategories>
											</value>
									</li>
									<li Class="XmlExtensions.PatchOperationSafeAdd">
										<xpath>/Defs/ThingDef[defName="HiTechResearchBench"][not(Mass)]/statBases</xpath>
											<value>
												<Mass>300</Mass>
											</value>
									</li>
									
									<li Class="XmlExtensions.PatchOperationSafeAdd">
										<xpath>Defs/ThingDef[defName="NutrientPasteDispenser"]</xpath>
											<value>
												<minifiedDef>MinifiedThing</minifiedDef>
												<thingCategories>
													<li>BuildingsProduction</li>
												</thingCategories>
											</value>
									</li>
									<li Class="XmlExtensions.PatchOperationSafeAdd">
										<xpath>/Defs/ThingDef[defName="NutrientPasteDispenser"][not(Mass)]/statBases</xpath>
											<value>
												<Mass>300</Mass>
											</value>
									</li>
									
									<li Class="XmlExtensions.PatchOperationSafeAdd">
										<xpath>Defs/ThingDef[defName="Hopper"]</xpath>
											<value>
												<minifiedDef>MinifiedThing</minifiedDef>
												<thingCategories>
													<li>BuildingsProduction</li>
												</thingCategories>
											</value>
									</li>
									<li Class="XmlExtensions.PatchOperationSafeAdd">
										<xpath>/Defs/ThingDef[defName="Hopper"][not(Mass)]/statBases</xpath>
											<value>
												<Mass>10</Mass>
											</value>
									</li>
									
									<!-- ###################### Buildings_ ###################### -->
									
									<li Class="XmlExtensions.PatchOperationSafeAdd">
										<xpath>Defs/ThingDef[defName="PodLauncher"]</xpath>
											<value>
												<minifiedDef>MinifiedThing</minifiedDef>
												<thingCategories>
													<li>BuildingsMisc</li>
												</thingCategories>
											</value>
									</li>
									<li Class="XmlExtensions.PatchOperationSafeAdd">
										<xpath>/Defs/ThingDef[defName="PodLauncher"][not(Mass)]/statBases</xpath>
											<value>
												<Mass>150</Mass>
											</value>
									</li>
									
									<li Class="PatchOperationFindMod">
										<mods>
											<li>Minify More</li>
											<li>MinifyEverything</li>
										</mods>
										<nomatch Class="PatchOperationSequence">
											<operations>
												<li Class="XmlExtensions.PatchOperationSafeAdd">
													<xpath>Defs/ThingDef[@Name="AutocannonTurret"]</xpath>
														<value>
															<minifiedDef>MinifiedThing</minifiedDef>
														</value>
												</li>
												<li Class="XmlExtensions.PatchOperationSafeAdd">
													<xpath>Defs/ThingDef[@Name="AutocannonTurret"]</xpath>
														<value>
															<thingCategories>
																<li>BuildingsSecurity</li>
															</thingCategories>
														</value>
												</li>
												<li Class="XmlExtensions.PatchOperationSafeAdd">
													<xpath>/Defs/ThingDef[@Name="AutocannonTurret"][not(Mass)]/statBases</xpath>
														<value>
															<Mass>150</Mass>
														</value>
												</li>
											</operations>
										</nomatch>
									</li>
									
									<li Class="PatchOperationFindMod">
										<mods>
											<li>Vanilla Furniture Expanded - Security</li>
										</mods>
										<match Class="PatchOperationSequence">
											<operations>
												<li Class="PatchOperationFindMod">
													<mods>
														<li>Minify More</li>
														<li>MinifyEverything</li>
													</mods>
													<nomatch Class="XmlExtensions.PatchOperationSafeAdd">
														<xpath>Defs/ThingDef[defName="VFES_Turret_AutocannonDouble"]</xpath>
														<value>
															<minifiedDef>MinifiedThing</minifiedDef>
															<thingCategories>
																<li>BuildingsSecurity</li>
															</thingCategories>
														</value>
													</nomatch>
												</li>
												<li Class="XmlExtensions.PatchOperationSafeAdd">
													<xpath>/Defs/ThingDef[defName="VFES_Turret_AutocannonDouble"][not(Mass)]/statBases</xpath>
														<value>
															<Mass>200</Mass>
														</value>
												</li>
												
												<li Class="PatchOperationFindMod">
													<mods>
														<li>Minify More</li>
														<li>MinifyEverything</li>
													</mods>
													<nomatch Class="XmlExtensions.PatchOperationSafeAdd">
													<xpath>Defs/ThingDef[defName="VFES_Turret_TriRocket"]</xpath>
														<value>
															<minifiedDef>MinifiedThing</minifiedDef>
															<thingCategories>
																<li>BuildingsSecurity</li>
															</thingCategories>
														</value>
													</nomatch>
												</li>
												<li Class="XmlExtensions.PatchOperationSafeAdd">
													<xpath>/Defs/ThingDef[defName="VFES_Turret_TriRocket"][not(Mass)]/statBases</xpath>
														<value>
															<Mass>250</Mass>
														</value>
												</li>
												
												<li Class="PatchOperationFindMod">
													<mods>
														<li>Minify More</li>
														<li>MinifyEverything</li>
													</mods>
													<nomatch Class="XmlExtensions.PatchOperationSafeAdd">
													<xpath>Defs/ThingDef[defName="VFES_Turret_Ballista"]</xpath>
														<value>
															<minifiedDef>MinifiedThing</minifiedDef>
															<thingCategories>
																<li>BuildingsSecurity</li>
															</thingCategories>
														</value>
													</nomatch>
												</li>
												<li Class="XmlExtensions.PatchOperationSafeAdd">
													<xpath>/Defs/ThingDef[defName="VFES_Turret_Ballista"][not(Mass)]/statBases</xpath>
														<value>
															<Mass>200</Mass>
														</value>
												</li>
												
												<li Class="PatchOperationFindMod">
													<mods>
														<li>Minify More</li>
														<li>MinifyEverything</li>
													</mods>
													<nomatch Class="XmlExtensions.PatchOperationSafeAdd">
													<xpath>Defs/ThingDef[defName="VFES_Turret_Catapult"]</xpath>
														<value>
															<minifiedDef>MinifiedThing</minifiedDef>
															<thingCategories>
																<li>BuildingsSecurity</li>
															</thingCategories>
														</value>
													</nomatch>
												</li>
												<li Class="XmlExtensions.PatchOperationSafeAdd">
													<xpath>/Defs/ThingDef[defName="VFES_Turret_Catapult"][not(Mass)]/statBases</xpath>
														<value>
															<Mass>250</Mass>
														</value>
												</li>
												
												<li Class="PatchOperationFindMod">
													<mods>
														<li>Minify More</li>
														<li>MinifyEverything</li>
													</mods>
													<nomatch Class="XmlExtensions.PatchOperationSafeAdd">
													<xpath>Defs/ThingDef[defName="VFES_Turret_ChargeTurret"]</xpath>
														<value>
															<minifiedDef>MinifiedThing</minifiedDef>
															<thingCategories>
																<li>BuildingsSecurity</li>
															</thingCategories>
														</value>
													</nomatch>
												</li>
												<li Class="XmlExtensions.PatchOperationSafeAdd">
													<xpath>/Defs/ThingDef[defName="VFES_Turret_ChargeTurret"][not(Mass)]/statBases</xpath>
														<value>
															<Mass>250</Mass>
														</value>
												</li>
												
												<li Class="PatchOperationFindMod">
													<mods>
														<li>Minify More</li>
														<li>MinifyEverything</li>
													</mods>
													<nomatch Class="XmlExtensions.PatchOperationSafeAdd">
													<xpath>Defs/ThingDef[defName="VFES_Turret_ChargeRailgunTurret"]</xpath>
														<value>
															<minifiedDef>MinifiedThing</minifiedDef>
															<thingCategories>
																<li>BuildingsSecurity</li>
															</thingCategories>
														</value>
													</nomatch>
												</li>
												<li Class="XmlExtensions.PatchOperationSafeAdd">
													<xpath>/Defs/ThingDef[defName="VFES_Turret_ChargeRailgunTurret"][not(Mass)]/statBases</xpath>
														<value>
															<Mass>300</Mass>
														</value>
												</li>
												
												<li Class="PatchOperationFindMod">
													<mods>
														<li>Minify More</li>
														<li>MinifyEverything</li>
													</mods>
													<nomatch Class="XmlExtensions.PatchOperationSafeAdd">
													<xpath>Defs/ThingDef[defName="VFES_Turret_EMPTurret"]</xpath>
														<value>
															<minifiedDef>MinifiedThing</minifiedDef>
															<thingCategories>
																<li>BuildingsSecurity</li>
															</thingCategories>
														</value>
													</nomatch>
												</li>
												<li Class="XmlExtensions.PatchOperationSafeAdd">
													<xpath>/Defs/ThingDef[defName="VFES_Turret_EMPTurret"][not(Mass)]/statBases</xpath>
														<value>
															<Mass>200</Mass>
														</value>
												</li>
												
												<li Class="XmlExtensions.PatchOperationSafeAdd">
													<xpath>Defs/ThingDef[defName="VFES_ShieldGenerator_Large"]</xpath>
														<value>
															<minifiedDef>MinifiedThing</minifiedDef>
															<thingCategories>
																<li>BuildingsSecurity</li>
															</thingCategories>
														</value>
												</li>
												<li Class="XmlExtensions.PatchOperationSafeAdd">
													<xpath>/Defs/ThingDef[defName="VFES_ShieldGenerator_Large"][not(Mass)]/statBases</xpath>
														<value>
															<Mass>1000</Mass>
														</value>
												</li>
											</operations>
										</match>
									</li>
									
									<li Class="PatchOperationFindMod">
										<mods>
											<li>Vanilla Furniture Expanded - Production</li>
										</mods>
										<match Class="PatchOperationSequence">
											<operations>
												<li Class="XmlExtensions.PatchOperationSafeRemove">
													<xpath>Defs/ThingDef[defName="VFE_ComponentFabricationBench"]/thingCategories</xpath>
												</li>
												<li Class="XmlExtensions.PatchOperationSafeRemove">
													<xpath>Defs/ThingDef[defName="VFE_ComponentFabricationBench"]/minifiedDef</xpath>
												</li>
												<li Class="XmlExtensions.PatchOperationSafeAdd">
													<xpath>Defs/ThingDef[defName="VFE_ComponentFabricationBench"]</xpath>
														<value>
															<minifiedDef>MinifiedThing</minifiedDef>
															<thingCategories Inherit="false">
																<li>BuildingsProduction</li>
															</thingCategories>
														</value>
												</li>
												<li Class="XmlExtensions.PatchOperationSafeAdd">
													<xpath>/Defs/ThingDef[defName="VFE_ComponentFabricationBench"][not(Mass)]/statBases</xpath>
														<value>
															<Mass>40</Mass>
														</value>
												</li>
												
												<li Class="XmlExtensions.PatchOperationSafeRemove">
													<xpath>Defs/ThingDef[defName="VFE_TableMachiningLarge"]/thingCategories</xpath>
												</li>
												<li Class="XmlExtensions.PatchOperationSafeRemove">
													<xpath>Defs/ThingDef[defName="VFE_TableMachiningLarge"]/minifiedDef</xpath>
												</li>
												<li Class="XmlExtensions.PatchOperationSafeAddOrReplace">
													<xpath>Defs/ThingDef[defName="VFE_TableMachiningLarge"]</xpath>
														<value>
															<minifiedDef>MinifiedThing</minifiedDef>
															<thingCategories Inherit="false">
																<li>BuildingsProduction</li>
															</thingCategories>
														</value>
												</li>
												<li Class="XmlExtensions.PatchOperationSafeAdd">
													<xpath>/Defs/ThingDef[defName="VFE_TableMachiningLarge"][not(Mass)]/statBases</xpath>
														<value>
															<Mass>500</Mass>
														</value>
												</li>
												
												<li Class="XmlExtensions.PatchOperationSafeRemove">
													<xpath>Defs/ThingDef[defName="VFE_TableSmithyLarge"]/thingCategories</xpath>
												</li>
												<li Class="XmlExtensions.PatchOperationSafeRemove">
													<xpath>Defs/ThingDef[defName="VFE_TableSmithyLarge"]/minifiedDef</xpath>
												</li>
												<li Class="XmlExtensions.PatchOperationSafeAddOrReplace">
													<xpath>Defs/ThingDef[defName="VFE_TableSmithyLarge"]</xpath>
														<value>
															<minifiedDef>MinifiedThing</minifiedDef>
															<thingCategories Inherit="false">
																<li>BuildingsProduction</li>
															</thingCategories>
														</value>
												</li>
												<li Class="XmlExtensions.PatchOperationSafeAdd">
													<xpath>/Defs/ThingDef[defName="VFE_TableSmithyLarge"][not(Mass)]/statBases</xpath>
														<value>
															<Mass>500</Mass>
														</value>
												</li>
												
												<li Class="XmlExtensions.PatchOperationSafeRemove">
													<xpath>Defs/ThingDef[defName="VFE_TableStoveLarge"]/thingCategories</xpath>
												</li>
												<li Class="XmlExtensions.PatchOperationSafeRemove">
													<xpath>Defs/ThingDef[defName="VFE_TableStoveLarge"]/minifiedDef</xpath>
												</li>
												<li Class="XmlExtensions.PatchOperationSafeAddOrReplace">
													<xpath>Defs/ThingDef[defName="VFE_TableStoveLarge"]</xpath>
														<value>
															<minifiedDef>MinifiedThing</minifiedDef>
															<thingCategories Inherit="false">
																<li>BuildingsProduction</li>
															</thingCategories>
														</value>
												</li>
												<li Class="XmlExtensions.PatchOperationSafeAdd">
													<xpath>/Defs/ThingDef[defName="VFE_TableStoveLarge"][not(Mass)]/statBases</xpath>
														<value>
															<Mass>500</Mass>
														</value>
												</li>
												
												<li Class="XmlExtensions.PatchOperationSafeRemove">
													<xpath>Defs/ThingDef[defName="VFE_TableTailorLarge"]/thingCategories</xpath>
												</li>
												<li Class="XmlExtensions.PatchOperationSafeRemove">
													<xpath>Defs/ThingDef[defName="VFE_TableTailorLarge"]/minifiedDef</xpath>
												</li>
												<li Class="XmlExtensions.PatchOperationSafeAddOrReplace">
													<xpath>Defs/ThingDef[defName="VFE_TableTailorLarge"]</xpath>
														<value>
															<minifiedDef>MinifiedThing</minifiedDef>
															<thingCategories Inherit="false">
																<li>BuildingsProduction</li>
															</thingCategories>
														</value>
												</li>
												<li Class="XmlExtensions.PatchOperationSafeAdd">
													<xpath>/Defs/ThingDef[defName="VFE_TableTailorLarge"][not(Mass)]/statBases</xpath>
														<value>
															<Mass>500</Mass>
														</value>
												</li>	
											</operations>
										</match>
									</li>
									
									<!-- ############################ Hygiene ############################ -->
									
									<li Class="PatchOperationFindMod">
										<mods>
											<li>Dubs Bad Hygiene</li>
										</mods>
										<match Class="PatchOperationSequence">
											<operations>
												<li Class="XmlExtensions.PatchOperationSafeAdd">
													<xpath>Defs/ThingDef[defName="WaterTowerS"]</xpath>
														<value>
															<minifiedDef>MinifiedThing</minifiedDef>
															<thingCategories>
																<li>BuildingsHygiene</li>
															</thingCategories>
														</value>
												</li>
												<li Class="XmlExtensions.PatchOperationSafeAdd">
													<xpath>/Defs/ThingDef[defName="WaterTowerS"][not(Mass)]/statBases</xpath>
														<value>
															<Mass>300</Mass>
														</value>
												</li>
												
												<li Class="XmlExtensions.PatchOperationSafeAdd">
													<xpath>Defs/ThingDef[defName="WaterTowerL"]</xpath>
														<value>
															<minifiedDef>MinifiedThing</minifiedDef>
															<thingCategories>
																<li>BuildingsHygiene</li>
															</thingCategories>
														</value>
												</li>
												<li Class="XmlExtensions.PatchOperationSafeAdd">
													<xpath>/Defs/ThingDef[defName="WaterTowerL"][not(Mass)]/statBases</xpath>
														<value>
															<Mass>600</Mass>
														</value>
												</li>
												
												<li Class="XmlExtensions.PatchOperationSafeAdd">
													<xpath>Defs/ThingDef[defName="WindPump"]</xpath>
														<value>
															<minifiedDef>MinifiedThing</minifiedDef>
															<thingCategories>
																<li>BuildingsHygiene</li>
															</thingCategories>
														</value>
												</li>
												<li Class="XmlExtensions.PatchOperationSafeAdd">
													<xpath>/Defs/ThingDef[defName="WindPump"][not(Mass)]/statBases</xpath>
														<value>
															<Mass>200</Mass>
														</value>
												</li>
												
												<li Class="XmlExtensions.PatchOperationSafeAdd">
													<xpath>Defs/ThingDef[defName="PumpingStation"]</xpath>
														<value>
															<minifiedDef>MinifiedThing</minifiedDef>
															<thingCategories>
																<li>BuildingsHygiene</li>
															</thingCategories>
														</value>
												</li>
												<li Class="XmlExtensions.PatchOperationSafeAdd">
													<xpath>/Defs/ThingDef[defName="PumpingStation"][not(Mass)]/statBases</xpath>
														<value>
															<Mass>500</Mass>
														</value>
												</li>
												
												<li Class="XmlExtensions.PatchOperationSafeAdd">
													<xpath>Defs/ThingDef[defName="SewageOutlet"]</xpath>
														<value>
															<minifiedDef>MinifiedThing</minifiedDef>
															<thingCategories>
																<li>BuildingsHygiene</li>
															</thingCategories>
														</value>
												</li>
												<li Class="XmlExtensions.PatchOperationSafeAdd">
													<xpath>/Defs/ThingDef[defName="SewageOutlet"][not(Mass)]/statBases</xpath>
														<value>
															<Mass>150</Mass>
														</value>
												</li>
												
												<li Class="XmlExtensions.PatchOperationSafeAdd">
													<xpath>Defs/ThingDef[defName="WaterTreatment"]</xpath>
														<value>
															<minifiedDef>MinifiedThing</minifiedDef>
															<thingCategories>
																<li>BuildingsHygiene</li>
															</thingCategories>
														</value>
												</li>
												<li Class="XmlExtensions.PatchOperationSafeAdd">
													<xpath>/Defs/ThingDef[defName="WaterTreatment"][not(Mass)]/statBases</xpath>
														<value>
															<Mass>400</Mass>
														</value>
												</li>
											</operations>
										</match>
									</li>
									<!-- ############################ Rimefeller ############################ -->
									<li Class="PatchOperationFindMod">
										<mods>
											<li>Rimefeller</li>
										</mods>
										<match Class="PatchOperationSequence">
											<operations>
												<li Class="XmlExtensions.PatchOperationSafeAdd">
													<xpath>Defs/ThingDef[defName="SparkGrid"]</xpath>
														<value>
															<minifiedDef>MinifiedThing</minifiedDef>
															<thingCategories>
																<li>Oil</li>
															</thingCategories>
														</value>
												</li>
												<li Class="XmlExtensions.PatchOperationSafeAdd">
													<xpath>/Defs/ThingDef[defName="SparkGrid"][not(Mass)]/statBases</xpath>
														<value>
															<Mass>10</Mass>
														</value>
												</li>
												
												<li Class="XmlExtensions.PatchOperationSafeAdd">
													<xpath>Defs/ThingDef[defName="OilStorage"]</xpath>
														<value>
															<minifiedDef>MinifiedThing</minifiedDef>
															<thingCategories>
																<li>Oil</li>
															</thingCategories>
														</value>
												</li>
												<li Class="XmlExtensions.PatchOperationSafeAdd">
													<xpath>/Defs/ThingDef[defName="OilStorage"][not(Mass)]/statBases</xpath>
														<value>
															<Mass>600</Mass>
														</value>
												</li>
												
												<li Class="XmlExtensions.PatchOperationSafeAdd">
													<xpath>Defs/ThingDef[defName="FuelStorage"]</xpath>
														<value>
															<minifiedDef>MinifiedThing</minifiedDef>
															<thingCategories>
																<li>Oil</li>
															</thingCategories>
														</value>
												</li>
												<li Class="XmlExtensions.PatchOperationSafeAdd">
													<xpath>/Defs/ThingDef[defName="FuelStorage"][not(Mass)]/statBases</xpath>
														<value>
															<Mass>600</Mass>
														</value>
												</li>
											</operations>
										</match>
									</li>
									
									<!-- ############################ Misc ############################ -->
									
									<li Class="XmlExtensions.PatchOperationSafeAdd">
										<xpath>Defs/ThingDef[defName="MultiAnalyzer"]</xpath>
											<value>
												<minifiedDef>MinifiedThing</minifiedDef>
												<thingCategories>
													<li>BuildingsMisc</li>
												</thingCategories>
											</value>
									</li>
									<li Class="XmlExtensions.PatchOperationSafeAdd">
										<xpath>/Defs/ThingDef[defName="MultiAnalyzer"][not(Mass)]/statBases</xpath>
											<value>
												<Mass>100</Mass>
											</value>
									</li>
									
									<li Class="XmlExtensions.PatchOperationSafeAdd">
										<xpath>Defs/ThingDef[defName="Sarcophagus"]</xpath>
											<value>
												<minifiedDef>MinifiedThing</minifiedDef>
												<thingCategories>
													<li>BuildingsMisc</li>
												</thingCategories>
											</value>
									</li>
									<li Class="XmlExtensions.PatchOperationSafeAdd">
										<xpath>/Defs/ThingDef[defName="Sarcophagus"][not(Mass)]/statBases</xpath>
											<value>
												<Mass>50</Mass>
											</value>
									</li>
									
									<li Class="XmlExtensions.PatchOperationSafeAdd">
										<xpath>Defs/ThingDef[defName="AncientCryptosleepCasket"]</xpath>
											<value>
												<minifiedDef>MinifiedThing</minifiedDef>
												<thingCategories>
													<li>BuildingsMisc</li>
												</thingCategories>
											</value>
									</li>
									<li Class="XmlExtensions.PatchOperationSafeAdd">
										<xpath>/Defs/ThingDef[defName="AncientCryptosleepCasket"][not(Mass)]/statBases</xpath>
											<value>
												<Mass>600</Mass>
											</value>
									</li>
									
									<li Class="XmlExtensions.PatchOperationSafeAdd">
										<xpath>Defs/ThingDef[defName="MoisturePump"]</xpath>
											<value>
												<minifiedDef>MinifiedThing</minifiedDef>
												<thingCategories>
													<li>BuildingsMisc</li>
												</thingCategories>
											</value>
									</li>
									<li Class="XmlExtensions.PatchOperationSafeAdd">
										<xpath>/Defs/ThingDef[defName="MoisturePump"][not(Mass)]/statBases</xpath>
											<value>
												<Mass>10</Mass>
											</value>
									</li>
									
									<li Class="XmlExtensions.PatchOperationSafeAdd">
										<xpath>Defs/ThingDef[defName="CommsConsole"]</xpath>
											<value>
												<minifiedDef>MinifiedThing</minifiedDef>
												<thingCategories>
													<li>BuildingsMisc</li>
												</thingCategories>
											</value>
									</li>
									<li Class="XmlExtensions.PatchOperationSafeAdd">
										<xpath>/Defs/ThingDef[defName="CommsConsole"][not(Mass)]/statBases</xpath>
											<value>
												<Mass>40</Mass>
											</value>
									</li>
									
									<li Class="XmlExtensions.PatchOperationSafeAdd">
										<xpath>Defs/ThingDef[defName="SteleGrand"]</xpath>
											<value>
												<minifiedDef>MinifiedThing</minifiedDef>
												<thingCategories>
													<li>BuildingsMisc</li>
												</thingCategories>
											</value>
									</li>
									<li Class="XmlExtensions.PatchOperationSafeAdd">
										<xpath>/Defs/ThingDef[defName="SteleGrand"][not(Mass)]/statBases</xpath>
											<value>
												<Mass>250</Mass>
											</value>
									</li>
									
									<li Class="XmlExtensions.PatchOperationSafeAdd">
										<xpath>Defs/ThingDef[defName="SteleLarge"]</xpath>
											<value>
												<minifiedDef>MinifiedThing</minifiedDef>
												<thingCategories>
													<li>BuildingsMisc</li>
												</thingCategories>
											</value>
									</li>
									<li Class="XmlExtensions.PatchOperationSafeAdd">
										<xpath>/Defs/ThingDef[defName="SteleLarge"][not(Mass)]/statBases</xpath>
											<value>
												<Mass>150</Mass>
											</value>
									</li>
									
									<li Class="XmlExtensions.PatchOperationSafeAdd">
										<xpath>Defs/ThingDef[defName="CryptosleepCasket"]</xpath>
											<value>
												<minifiedDef>MinifiedThing</minifiedDef>
												<thingCategories>
													<li>BuildingsMisc</li>
												</thingCategories>
											</value>
									</li>
									<li Class="XmlExtensions.PatchOperationSafeAdd">
										<xpath>/Defs/ThingDef[defName="CryptosleepCasket"][not(Mass)]/statBases</xpath>
											<value>
												<Mass>300</Mass>
											</value>
									</li>
									
									<li Class="PatchOperationFindMod">
										<mods>
											<li>Vanilla Furniture Expanded - Medical Module</li>
										</mods>
										<match Class="PatchOperationSequence">
											<operations>
												<li Class="XmlExtensions.PatchOperationSafeAdd">
													<xpath>/Defs/ThingDef[defName="Facility_ResearchCounter"]</xpath>
														<value>
															<minifiedDef>MinifiedThing</minifiedDef>
															<thingCategories>
																<li>BuildingsMisc</li>
															</thingCategories>
														</value>
												</li>
												<li Class="XmlExtensions.PatchOperationSafeAdd">
													<xpath>/Defs/ThingDef[defName="Facility_ResearchCounter"][not(Mass)]/statBases</xpath>
														<value>
															<Mass>10</Mass>
														</value>
												</li>
											</operations>
										</match>
									</li>
									
									<!-- ############################ Ideology ############################ -->
									
									<li Class="PatchOperationFindMod">
										<mods>
											<li>Ideology</li>
										</mods>
										<match Class="PatchOperationSequence">
											<operations>
											
												<!-- ######## Altars ######## -->
											
												<li Class="XmlExtensions.PatchOperationSafeAdd">
													<xpath>/Defs/ThingDef[defName="Altar_Small"]</xpath>
														<value>
															<minifiedDef>MinifiedThing</minifiedDef>
															<thingCategories>
																<li>BuildingsMisc</li>
															</thingCategories>
														</value>
												</li>
												<li Class="XmlExtensions.PatchOperationSafeAdd">
													<xpath>/Defs/ThingDef[defName="Altar_Small"][not(Mass)]/statBases</xpath>
														<value>
															<Mass>200</Mass>
														</value>
												</li>
												
												<li Class="XmlExtensions.PatchOperationSafeAdd">
													<xpath>/Defs/ThingDef[defName="Altar_Medium"]</xpath>
														<value>
															<minifiedDef>MinifiedThing</minifiedDef>
															<thingCategories>
																<li>BuildingsMisc</li>
															</thingCategories>
														</value>
												</li>
												<li Class="XmlExtensions.PatchOperationSafeAdd">
													<xpath>/Defs/ThingDef[defName="Altar_Medium"][not(Mass)]/statBases</xpath>
														<value>
															<Mass>400</Mass>
														</value>
												</li>
												
												<li Class="XmlExtensions.PatchOperationSafeAdd">
													<xpath>/Defs/ThingDef[defName="Altar_Large"]</xpath>
														<value>
															<minifiedDef>MinifiedThing</minifiedDef>
															<thingCategories>
																<li>BuildingsMisc</li>
															</thingCategories>
														</value>
												</li>
												<li Class="XmlExtensions.PatchOperationSafeAdd">
													<xpath>/Defs/ThingDef[defName="Altar_Large"][not(Mass)]/statBases</xpath>
														<value>
															<Mass>600</Mass>
														</value>
												</li>
												
												<li Class="XmlExtensions.PatchOperationSafeAdd">
													<xpath>/Defs/ThingDef[defName="Altar_Grand"]</xpath>
														<value>
															<minifiedDef>MinifiedThing</minifiedDef>
															<thingCategories>
																<li>BuildingsMisc</li>
															</thingCategories>
														</value>
												</li>
												<li Class="XmlExtensions.PatchOperationSafeAdd">
													<xpath>/Defs/ThingDef[defName="Altar_Grand"][not(Mass)]/statBases</xpath>
														<value>
															<Mass>800</Mass>
														</value>
												</li>
												
												<!-- ######## Misc ######## -->
												
												<li Class="XmlExtensions.PatchOperationSafeAdd">
													<xpath>/Defs/ThingDef[defName="Reliquary"]</xpath>
														<value>
															<minifiedDef>MinifiedThing</minifiedDef>
																<thingCategories>
																	<li>BuildingsMisc</li>
																</thingCategories>
														</value>
												</li>
												<li Class="XmlExtensions.PatchOperationSafeAdd">
													<xpath>/Defs/ThingDef[defName="Reliquary"][not(Mass)]/statBases</xpath>
														<value>
															<Mass>200</Mass>
														</value>
												</li>
											</operations>
										</match>
									</li>
									
									<!-- ######## Buildings_Structures ######## -->
									
									<li Class="XmlExtensions.PatchOperationSafeAdd">
										<xpath>Defs/ThingDef[defName="Column"]</xpath>
											<value>
												<minifiedDef>MinifiedThing</minifiedDef>
												<thingCategories>
													<li>BuildingsMisc</li>
												</thingCategories>
											</value>
									</li>
									<li Class="XmlExtensions.PatchOperationSafeAdd">
										<xpath>/Defs/ThingDef[defName="Column"][not(Mass)]/statBases</xpath>
											<value>
												<Mass>50</Mass>
											</value>
									</li>
									<!--
									
									
								-->
								</operations>
							</Operation>
						</apply>
					</li>
				</cases>
			</Operation>
		</apply>   
	</Operation>
</Patch>