<?xml version="1.0" encoding="utf-8" ?>
<Patch>
	<Operation Class="XmlExtensions.UseSetting">
		<modId>NiilosQoL</modId>
		<key>radioKey_Minify</key>
		<defaultValue>NiilosQoL_Settings_Enable_Mass</defaultValue>
		<apply>
			<Operation Class="XmlExtensions.PatchByCase">
				<value>{radioKey_Minify}</value>
				<cases>
					<li>
						<value>NiilosQoL_Settings_Enable_Minify_Mass</value>
						<apply>
						</apply>
					</li>
					<li>
						<value>NiilosQoL_Settings_Enable_Mass</value>
						<apply>
						</apply>
					</li>
					<li>
						<value>OFF</value>
						<apply>
						</apply>
					</li>
					<li>
						<value>NiilosQoL_Settings_Enable_Minify</value>
						<apply>
							<Operation Class="PatchOperationSequence">
								<operations>
											
									<!-- Buildings_Power -->

									<li Class="XmlExtensions.PatchOperationSafeAdd">
										<xpath>Defs/ThingDef[defName="PowerSwitch"]</xpath>
											<value>
												<minifiedDef>MinifiedThing</minifiedDef>
												<thingCategories>
													<li>BuildingsMisc</li>
												</thingCategories>
											</value>
									</li>
									
									<!-- Buildings_Power --> <!-- Generators -->
									
									<li Class="XmlExtensions.PatchOperationSafeAdd">
										<xpath>Defs/ThingDef[defName="WoodFiredGenerator"]</xpath>
											<value>
												<minifiedDef>MinifiedThing</minifiedDef>
												<thingCategories>
													<li>BuildingsMisc</li>
												</thingCategories>
											</value>
									</li>
									
									<li Class="XmlExtensions.PatchOperationSafeAdd">
										<xpath>Defs/ThingDef[defName="ChemfuelPoweredGenerator"]</xpath>
											<value>
												<minifiedDef>MinifiedThing</minifiedDef>
												<thingCategories>
													<li>BuildingsMisc</li>
												</thingCategories>
											</value>
									</li>
									
									<!-- Buildings_Power --> <!-- Renevable -->
									
									<li Class="XmlExtensions.PatchOperationSafeAdd">
										<xpath>Defs/ThingDef[defName="WindTurbine"]</xpath>
											<value>
												<minifiedDef>MinifiedThing</minifiedDef>
												<thingCategories>
													<li>BuildingsMisc</li>
												</thingCategories>
											</value>
									</li>
									
									<li Class="XmlExtensions.PatchOperationSafeAdd">
										<xpath>Defs/ThingDef[defName="SolarGenerator"]</xpath>
											<value>
												<minifiedDef>MinifiedThing</minifiedDef>
												<thingCategories>
													<li>BuildingsMisc</li>
												</thingCategories>
											</value>
									</li>
									
									<li Class="XmlExtensions.PatchOperationSafeAdd"> <!-- May be a bit too much to be able to minify -->
										<xpath>Defs/ThingDef[defName="GeothermalGenerator"]</xpath>
											<value>
												<minifiedDef>MinifiedThing</minifiedDef>
												<thingCategories>
													<li>BuildingsMisc</li>
												</thingCategories>
											</value>
									</li>
									
									<li Class="XmlExtensions.PatchOperationSafeAdd">
										<xpath>Defs/ThingDef[defName="WatermillGenerator"]</xpath>
											<value>
												<minifiedDef>MinifiedThing</minifiedDef>
												<thingCategories>
													<li>BuildingsMisc</li>
												</thingCategories>
											</value>
									</li>
									
									<!-- Buildings_Misc --> <!-- Scanners -->
									
									<li Class="XmlExtensions.PatchOperationSafeAdd">
										<xpath>Defs/ThingDef[defName="GroundPenetratingScanner"]</xpath>
											<value>
												<minifiedDef>MinifiedThing</minifiedDef>
												<thingCategories>
													<li>BuildingsMisc</li>
												</thingCategories>
											</value>
									</li>
									
									<li Class="XmlExtensions.PatchOperationSafeAdd">
										<xpath>Defs/ThingDef[defName="LongRangeMineralScanner"]</xpath>
											<value>
												<minifiedDef>MinifiedThing</minifiedDef>
												<thingCategories>
													<li>BuildingsMisc</li>
												</thingCategories>
											</value>
									</li>

									<!-- Buildings_Furniture --> <!-- Torches -->
									
									<li Class="XmlExtensions.PatchOperationSafeAdd">
										<xpath>Defs/ThingDef[@Name="TorchLamp"]</xpath>
											<value>
												<minifiedDef>MinifiedThing</minifiedDef>
												<thingCategories>
													<li>BuildingsMisc</li>
												</thingCategories>
											</value>
									</li>
									
									<li Class="PatchOperationFindMod">
										<mods>
											<li>Vanilla Factions Expanded - Medieval</li>
										</mods>
										<match Class="PatchOperationSequence">
											<operations>
												<li Class="XmlExtensions.PatchOperationSafeAdd">
													<xpath>/Defs/ThingDef[defName="VFEM_WallTorchLamp"]</xpath>
														<value>
															<minifiedDef>MinifiedThing</minifiedDef>
															<thingCategories>
																<li>BuildingsMisc</li>
															</thingCategories>
														</value>
												</li>
											</operations>
										</match>
									</li>
									
									<!-- Buildings_Temperature -->
									
									<li Class="XmlExtensions.PatchOperationSafeAdd">
										<xpath>Defs/ThingDef[defName="Campfire"]</xpath>
											<value>
												<minifiedDef>MinifiedThing</minifiedDef>
												<thingCategories>
													<li>BuildingsMisc</li>
												</thingCategories>
											</value>
									</li>
									
									<li Class="XmlExtensions.PatchOperationSafeAdd">
										<xpath>Defs/ThingDef[defName="PassiveCooler"]</xpath>
											<value>
												<minifiedDef>MinifiedThing</minifiedDef>
												<thingCategories>
													<li>BuildingsMisc</li>
												</thingCategories>
											</value>
									</li>
									
									<li Class="XmlExtensions.PatchOperationSafeAdd">
										<xpath>Defs/ThingDef[defName="Cooler"]</xpath>
											<value>
												<minifiedDef>MinifiedThing</minifiedDef>
												<thingCategories>
													<li>BuildingsMisc</li>
												</thingCategories>
											</value>
									</li>
									
									<li Class="XmlExtensions.PatchOperationSafeAdd">
										<xpath>Defs/ThingDef[defName="Vent"]</xpath>
											<value>
												<minifiedDef>MinifiedThing</minifiedDef>
												<thingCategories>
													<li>BuildingsMisc</li>
												</thingCategories>
											</value>
									</li>
									
									<!-- Buildings_Production -->
									
									<li Class="XmlExtensions.PatchOperationSafeAdd">
										<xpath>Defs/ThingDef[defName="ElectricCrematorium"]</xpath>
											<value>
												<minifiedDef>MinifiedThing</minifiedDef>
												<thingCategories>
													<li>BuildingsMisc</li>
												</thingCategories>
											</value>
									</li>
									
									<li Class="XmlExtensions.PatchOperationSafeAdd">
										<xpath>Defs/ThingDef[defName="HydroponicsBasin"]</xpath>
											<value>
												<minifiedDef>MinifiedThing</minifiedDef>
												<thingCategories>
													<li>BuildingsMisc</li>
												</thingCategories>
											</value>
									</li>

									<li Class="XmlExtensions.PatchOperationSafeRemove">
										<xpath>Defs/ThingDef[defName="BiofuelRefinery"]/thingCategories</xpath>
									</li>
									<li Class="XmlExtensions.PatchOperationSafeRemove">
										<xpath>Defs/ThingDef[defName="BiofuelRefinery"]/minifiedDef</xpath>
									</li>
									<li Class="XmlExtensions.PatchOperationSafeAdd">
										<xpath>Defs/ThingDef[defName="BiofuelRefinery"]</xpath>
											<value>
												<minifiedDef>MinifiedThing</minifiedDef>
												<thingCategories>
													<li>BuildingsMisc</li>
												</thingCategories>
											</value>
									</li>
									
									<li Class="XmlExtensions.PatchOperationSafeRemove">
										<xpath>Defs/ThingDef[defName="FabricationBench"]/thingCategories</xpath>
									</li>
									<li Class="XmlExtensions.PatchOperationSafeRemove">
										<xpath>Defs/ThingDef[defName="FabricationBench"]/minifiedDef</xpath>
									</li>
									<li Class="XmlExtensions.PatchOperationSafeAddOrReplace">
										<xpath>Defs/ThingDef[defName="FabricationBench"]</xpath>
											<value>
												<minifiedDef>MinifiedThing</minifiedDef>
												<thingCategories>
													<li>BuildingsMisc</li>
												</thingCategories>
											</value>
									</li>
									
									<li Class="XmlExtensions.PatchOperationSafeRemove">
										<xpath>Defs/ThingDef[defName="HiTechResearchBench"]/thingCategories</xpath>
									</li>
									<li Class="XmlExtensions.PatchOperationSafeRemove">
										<xpath>Defs/ThingDef[defName="HiTechResearchBench"]/minifiedDef</xpath>
									</li>
									<li Class="XmlExtensions.PatchOperationSafeAdd">
										<xpath>Defs/ThingDef[defName="HiTechResearchBench"]</xpath>
											<value>
												<minifiedDef>MinifiedThing</minifiedDef>
												<thingCategories>
													<li>BuildingsMisc</li>
												</thingCategories>
											</value>
									</li>
									
									<li Class="XmlExtensions.PatchOperationSafeAdd">
										<xpath>Defs/ThingDef[defName="NutrientPasteDispenser"]</xpath>
											<value>
												<minifiedDef>MinifiedThing</minifiedDef>
												<thingCategories>
													<li>BuildingsMisc</li>
												</thingCategories>
											</value>
									</li>
									
									<li Class="XmlExtensions.PatchOperationSafeAdd">
										<xpath>Defs/ThingDef[defName="Hopper"]</xpath>
											<value>
												<minifiedDef>MinifiedThing</minifiedDef>
												<thingCategories>
													<li>BuildingsMisc</li>
												</thingCategories>
											</value>
									</li>
									
									<!-- Buildings_ -->
									
									<li Class="XmlExtensions.PatchOperationSafeAdd">
										<xpath>Defs/ThingDef[defName="PodLauncher"]</xpath>
											<value>
												<minifiedDef>MinifiedThing</minifiedDef>
												<thingCategories>
													<li>BuildingsMisc</li>
												</thingCategories>
											</value>
									</li>
									
									<li Class="XmlExtensions.PatchOperationSafeAdd">
										<xpath>Defs/ThingDef[@Name="AutocannonTurret"]</xpath>
											<value>
												<minifiedDef>MinifiedThing</minifiedDef>
												<thingCategories>
													<li>BuildingsMisc</li>
												</thingCategories>
											</value>
									</li>
									
									<li Class="PatchOperationFindMod">
										<mods>
											<li>Vanilla Furniture Expanded - Security</li>
										</mods>
										<match Class="PatchOperationSequence">
											<operations>
												<li Class="XmlExtensions.PatchOperationSafeAdd">
													<xpath>Defs/ThingDef[defName="VFES_Turret_AutocannonDouble"]</xpath>
														<value>
															<minifiedDef>MinifiedThing</minifiedDef>
															<thingCategories>
																<li>BuildingsMisc</li>
															</thingCategories>
														</value>
												</li>
												
												<li Class="XmlExtensions.PatchOperationSafeAdd">
													<xpath>Defs/ThingDef[defName="VFES_Turret_TriRocket"]</xpath>
														<value>
															<minifiedDef>MinifiedThing</minifiedDef>
															<thingCategories>
																<li>BuildingsMisc</li>
															</thingCategories>
														</value>
												</li>
												
												<li Class="XmlExtensions.PatchOperationSafeAdd">
													<xpath>Defs/ThingDef[defName="VFES_Turret_Ballista"]</xpath>
														<value>
															<minifiedDef>MinifiedThing</minifiedDef>
															<thingCategories>
																<li>BuildingsMisc</li>
															</thingCategories>
														</value>
												</li>
												
												<li Class="XmlExtensions.PatchOperationSafeAdd">
													<xpath>Defs/ThingDef[defName="VFES_Turret_Catapult"]</xpath>
														<value>
															<minifiedDef>MinifiedThing</minifiedDef>
															<thingCategories>
																<li>BuildingsMisc</li>
															</thingCategories>
														</value>
												</li>
												
												<li Class="XmlExtensions.PatchOperationSafeAdd">
													<xpath>Defs/ThingDef[defName="VFES_Turret_ChargeTurret"]</xpath>
														<value>
															<minifiedDef>MinifiedThing</minifiedDef>
															<thingCategories>
																<li>BuildingsMisc</li>
															</thingCategories>
														</value>
												</li>
												
												<li Class="XmlExtensions.PatchOperationSafeAdd">
													<xpath>Defs/ThingDef[defName="VFES_Turret_ChargeRailgunTurret"]</xpath>
														<value>
															<minifiedDef>MinifiedThing</minifiedDef>
															<thingCategories>
																<li>BuildingsMisc</li>
															</thingCategories>
														</value>
												</li>
												
												<li Class="XmlExtensions.PatchOperationSafeAdd">
													<xpath>Defs/ThingDef[defName="VFES_Turret_EMPTurret"]</xpath>
														<value>
															<minifiedDef>MinifiedThing</minifiedDef>
															<thingCategories>
																<li>BuildingsMisc</li>
															</thingCategories>
														</value>
												</li>
											</operations>
										</match>
									</li>
									
									<li Class="XmlExtensions.PatchOperationSafeAdd">
										<xpath>Defs/ThingDef[defName="MultiAnalyzer"]</xpath>
											<value>
												<minifiedDef>MinifiedThing</minifiedDef>
												<thingCategories>
													<li>BuildingsMisc</li>
												</thingCategories>
											</value>
									</li>
									
									<li Class="XmlExtensions.PatchOperationSafeAdd">
										<xpath>Defs/ThingDef[defName="Sarcophagus"]</xpath>
											<value>
												<minifiedDef>MinifiedThing</minifiedDef>
												<thingCategories>
													<li>BuildingsMisc</li>
												</thingCategories>
											</value>
									</li>
									
									<li Class="XmlExtensions.PatchOperationSafeAdd">
										<xpath>Defs/ThingDef[defName="AncientCryptosleepCasket"]</xpath>
											<value>
												<minifiedDef>MinifiedThing</minifiedDef>
												<thingCategories>
													<li>BuildingsMisc</li>
												</thingCategories>
											</value>
									</li>
									
									<li Class="XmlExtensions.PatchOperationSafeAdd">
										<xpath>Defs/ThingDef[defName="MoisturePump"]</xpath>
											<value>
												<minifiedDef>MinifiedThing</minifiedDef>
												<thingCategories>
													<li>BuildingsMisc</li>
												</thingCategories>
											</value>
									</li>
									
									<li Class="XmlExtensions.PatchOperationSafeAdd">
										<xpath>Defs/ThingDef[defName="CommsConsole"]</xpath>
											<value>
												<minifiedDef>MinifiedThing</minifiedDef>
												<thingCategories>
													<li>BuildingsMisc</li>
												</thingCategories>
											</value>
									</li>
									
									<li Class="XmlExtensions.PatchOperationSafeAdd">
										<xpath>Defs/ThingDef[defName="SteleGrand"]</xpath>
											<value>
												<minifiedDef>MinifiedThing</minifiedDef>
												<thingCategories>
													<li>BuildingsMisc</li>
												</thingCategories>
											</value>
									</li>
									
									<li Class="XmlExtensions.PatchOperationSafeAdd">
										<xpath>Defs/ThingDef[defName="SteleLarge"]</xpath>
											<value>
												<minifiedDef>MinifiedThing</minifiedDef>
												<thingCategories>
													<li>BuildingsMisc</li>
												</thingCategories>
											</value>
									</li>
									
									<li Class="XmlExtensions.PatchOperationSafeAdd">
										<xpath>Defs/ThingDef[defName="CryptosleepCasket"]</xpath>
											<value>
												<minifiedDef>MinifiedThing</minifiedDef>
												<thingCategories>
													<li>BuildingsMisc</li>
												</thingCategories>
											</value>
									</li>
									
									<li Class="PatchOperationFindMod">
										<mods>
											<li>Vanilla Furniture Expanded - Medical Module</li>
										</mods>
										<match Class="PatchOperationSequence">
											<operations>
												<li Class="XmlExtensions.PatchOperationSafeAdd">
													<xpath>/Defs/ThingDef[defName="Facility_ResearchCounter"]</xpath>
														<value>
															<minifiedDef>MinifiedThing</minifiedDef>
															<thingCategories>
																<li>BuildingsMisc</li>
															</thingCategories>
														</value>
												</li>
											</operations>
										</match>
									</li>
									
									<li Class="PatchOperationFindMod">
										<mods>
											<li>Ideology</li>
										</mods>
										<match Class="PatchOperationSequence">
											<operations>
												<li Class="XmlExtensions.PatchOperationSafeAdd">
													<xpath>/Defs/ThingDef[defName="Altar_Small"]</xpath>
														<value>
															<minifiedDef>MinifiedThing</minifiedDef>
															<thingCategories>
																<li>BuildingsMisc</li>
															</thingCategories>
														</value>
												</li>
												
												<li Class="XmlExtensions.PatchOperationSafeAdd">
													<xpath>/Defs/ThingDef[defName="Altar_Medium"]</xpath>
														<value>
															<minifiedDef>MinifiedThing</minifiedDef>
															<thingCategories>
																<li>BuildingsMisc</li>
															</thingCategories>
														</value>
												</li>
												
												<li Class="XmlExtensions.PatchOperationSafeAdd">
													<xpath>/Defs/ThingDef[defName="Altar_Large"]</xpath>
														<value>
															<minifiedDef>MinifiedThing</minifiedDef>
															<thingCategories>
																<li>BuildingsMisc</li>
															</thingCategories>
														</value>
												</li>
												
												<li Class="XmlExtensions.PatchOperationSafeAdd">
													<xpath>/Defs/ThingDef[defName="Altar_Grand"]</xpath>
														<value>
															<minifiedDef>MinifiedThing</minifiedDef>
															<thingCategories>
																<li>BuildingsMisc</li>
															</thingCategories>
														</value>
												</li>
												
												<li Class="XmlExtensions.PatchOperationSafeAdd">
													<xpath>/Defs/ThingDef[defName="Reliquary"]</xpath>
														<value>
															<minifiedDef>MinifiedThing</minifiedDef>
																<thingCategories>
																	<li>BuildingsMisc</li>
																</thingCategories>
														</value>
												</li>
											</operations>
										</match>
									</li>
									
									<!-- Buildings_ -->
									
									<li Class="XmlExtensions.PatchOperationSafeAdd">
										<xpath>Defs/ThingDef[defName="Column"]</xpath>
											<value>
												<minifiedDef>MinifiedThing</minifiedDef>
												<thingCategories>
													<li>BuildingsMisc</li>
												</thingCategories>
											</value>
									</li>
								</operations>
							</Operation>
							<!--As many operations as you want-->
						</apply>
					</li>
					<!--As many cases as you want-->
				</cases>
			</Operation>
		</apply>   
	</Operation>
</Patch>