<?xml version="1.0" encoding="utf-8"?>
<Patch>
	<Operation Class="PatchOperationFindMod"> <!-- Fix Gimmicks workbench masking -->
		<mods>
			<li>Gimmicks (Continued)</li>
			<li>Gimmicks</li>
		</mods>
		<match Class="XmlExtensions.PatchOperationSafeAdd">
			<xpath>Defs/ThingDef[defName="Gimmicks_TableCrafting"]/graphicData</xpath>
			<value>
				<shaderType>CutoutComplex</shaderType>
			</value>
		</match>
	</Operation>

	<Operation Class="XmlExtensions.OptionalPatch">
		<modId>NiilosQoL</modId>
		<key>NiilosQoL_Settings_SOS2_Lag_Fix</key>
		<defaultValue>true</defaultValue>
		<caseTrue>
			<Operation Class="PatchOperationFindMod"> <!-- Remove laggy glow from holograms -->
				<mods>
					<li>Save Our Ship 2</li>
				</mods>
				<match Class="XmlExtensions.PatchOperationSafeRemove">
					<xpath>Defs/ThingDef[defName="SoSHologramRace"]/comps//li[@Class="CompProperties_HologramGlower"]</xpath>
				</match>
			</Operation>
		</caseTrue>
	</Operation>
	
	<Operation Class="XmlExtensions.OptionalPatch">
		<modId>NiilosQoL</modId>
		<key>NiilosQoL_Settings_Tilled_Soild_Patches</key>
		<defaultValue>true</defaultValue>
		<caseTrue>
			<Operation Class="PatchOperationFindMod">
				<mods>
					<li>Vanilla Plants Expanded</li>
				</mods>
				<match Class="PatchOperationFindMod">
					<mods>
						<li>Tilled Soil</li>
						<li>Two's Tilled Soil - 140%</li>
						<li>Two's Tilled Soil</li>
						<li>Two's Tilled Soil - 120%</li>
						<li>[1.2][1.3]Tilled Soil</li>
						<li>Rimworld Farming</li>
						<li>Super Soil</li>
						<li>Plowed Earth</li>
						<li>Farmland (Now Standalone)</li>
						<li>Farmland</li>
					</mods>
					<match Class="PatchOperationSequence">
						<operations>
							<li Class="XmlExtensions.PatchOperationSafeRemove">
								<xpath>Defs/TerrainDef[defName="VCE_TilledSoil"]</xpath>
							</li>
							<li Class="XmlExtensions.PatchOperationSafeRemove">
								<xpath>Defs/VanillaPlantsExpanded.TillableTerrainDef</xpath>
							</li>
						</operations>
					</match>
				</match>
			</Operation>
			<Operation Class="PatchOperationFindMod">
				<mods>
					<li>Vanilla Furniture Expanded - Architect</li>
				</mods>
				<match Class="PatchOperationFindMod">
					<mods>
						<li>Tilled Soil</li>
					</mods>
					<match Class="PatchOperationSequence">
						<operations>
							<li Class="XmlExtensions.PatchOperationSafeAdd">
								<xpath>Defs/TerrainDef[defName="Dirt"]</xpath>
								<value>
									<affordances>
										<li>VFEArch_Foundation</li>
										<li>VFEArch_Soil</li>
									</affordances>
								</value>
							</li>
						</operations>
					</match>
				</match>
			</Operation>
			<Operation Class="PatchOperationFindMod">
				<mods>
					<li>Vanilla Furniture Expanded - Architect</li>
				</mods>
				<match Class="PatchOperationFindMod">
					<mods>
						<li>Niilo's Misc Stuff</li>
					</mods>
					<match Class="PatchOperationSequence">
						<operations>
							<li Class="XmlExtensions.PatchOperationSafeAdd">
								<xpath>Defs/TerrainDef[defName="NMS_Tilled_SoilN"]</xpath>
								<value>
									<affordances>
										<li>VFEArch_Foundation</li>
										<li>VFEArch_Soil</li>
									</affordances>
								</value>
							</li>
						</operations>
					</match>
				</match>
			</Operation>
		</caseTrue>
	</Operation>
	
	<!-- ########################   ######################## -->
	
	<Operation Class="XmlExtensions.OptionalPatch">
		<modId>NiilosQoL</modId>
		<key>NiilosQoL_Settings_Wind_Turbine_Size</key>
		<defaultValue>false</defaultValue>
		<caseTrue>
			<Operation Class="PatchOperationReplace">
				<xpath>/Defs/ThingDef[defName="WindTurbine"]/size</xpath>
				<value>
					<size>(5,2)</size>
				</value>
			</Operation>
		</caseTrue>
	</Operation>
	
	<Operation Class="XmlExtensions.OptionalPatch">
		<modId>NiilosQoL</modId>
		<key>NiilosQoL_Settings_Vitals_Center_Size</key>
		<defaultValue>true</defaultValue>
		<caseTrue>
			<Operation Class="PatchOperationFindMod">
				<mods>
					<li>Vanilla Furniture Expanded - Medical</li>
					<li>Vanilla Furniture Expanded - Medical Module</li>
				</mods>
				<match Class="PatchOperationSequence">
					<operations>
						<li Class="PatchOperationReplace">
							<xpath>/Defs/ThingDef[defName="Facility_VitalsCentre"]/size</xpath>
							<value>
								<size>(3,1)</size> <!-- old is <size>(3,2)</size> -->
							</value>
						</li>
					</operations>
				</match>
			</Operation>
		</caseTrue>
	</Operation>
	
	<Operation Class="XmlExtensions.OptionalPatch">
		<modId>NiilosQoL</modId>
		<key>NiilosQoL_Settings_Nose_Part_Group</key>
		<defaultValue>true</defaultValue>
		<caseTrue>
			<Operation Class="XmlExtensions.Conditional">
				<xpath>/Defs/BodyDef[defName="Human"]/corePart/parts/li[def="Neck"]/parts/li[def="Head"]/parts/li[def="Nose"]/groups/li/Teeth</xpath>
				<caseFalse>
					<Operation Class="XmlExtensions.PatchOperationAdd">
						<xpath>/Defs/BodyDef[defName="Human"]/corePart/parts/li[def="Neck"]/parts/li[def="Head"]/parts/li[def="Nose"]/groups</xpath>
						<value>
							<li>Teeth</li>
						</value>
					</Operation>
				</caseFalse>
				<caseTrue>
					<Operation Class="XmlExtensions.Log">
						<warning>Tried to add "Nose" to "Teeth" body part group, But some other mod did it already.</warning>
					</Operation>
				</caseTrue>
			</Operation>
		</caseTrue>
	</Operation>
	
	<Operation Class="XmlExtensions.OptionalPatch">
		<modId>NiilosQoL</modId>
		<key>NiilosQoL_Settings_Silent_Doors</key>
		<defaultValue>false</defaultValue>
		<caseTrue>
			<Operation Class="XmlExtensions.PatchOperationReplace">
				<xpath>/Defs/SoundDef[defName="Door_OpenPowered"]/subSounds/li/volumeRange</xpath>
				<value>
					<volumeRange>0~0</volumeRange>
				</value>
			</Operation>
			<Operation Class="XmlExtensions.PatchOperationReplace">
				<xpath>/Defs/SoundDef[defName="Door_ClosePowered"]/subSounds/li/volumeRange</xpath>
				<value>
					<volumeRange>0~0</volumeRange>
				</value>
			</Operation>
			<Operation Class="XmlExtensions.PatchOperationReplace">
				<xpath>/Defs/SoundDef[defName="Door_OpenManual"]/subSounds/li/volumeRange</xpath>
				<value>
					<volumeRange>0~0</volumeRange>
				</value>
			</Operation>
			<Operation Class="XmlExtensions.PatchOperationReplace">
				<xpath>/Defs/SoundDef[defName="Door_CloseManual"]/subSounds/li/volumeRange</xpath>
				<value>
					<volumeRange>0~0</volumeRange>
				</value>
			</Operation>
			<Operation Class="XmlExtensions.PatchOperationReplace">
				<xpath>/Defs/SoundDef[defName="Door_FenceGateManual"]/subSounds/li/volumeRange</xpath>
				<value>
					<volumeRange>0~0</volumeRange>
				</value>
			</Operation>
			<Operation Class="XmlExtensions.PatchOperationRemove">
				<xpath>/Defs/ThingDef[thingClass="Building_Door"]/building/soundDoorOpenPowered</xpath>
			</Operation>
			<Operation Class="XmlExtensions.PatchOperationRemove">
				<xpath>/Defs/ThingDef[thingClass="Building_Door"]/building/soundDoorClosePowered</xpath>
			</Operation>
			<Operation Class="XmlExtensions.PatchOperationRemove">
				<xpath>/Defs/ThingDef[thingClass="Building_Door"]/building/soundDoorOpenManual</xpath>
			</Operation>
			<Operation Class="XmlExtensions.PatchOperationRemove">
				<xpath>/Defs/ThingDef[thingClass="Building_Door"]/building/soundDoorCloseManual</xpath>
			</Operation>
		</caseTrue>
	</Operation>
	
	<Operation Class="XmlExtensions.OptionalPatch">
		<modId>NiilosQoL</modId>
		<key>NiilosQoL_Settings_Render_Trees_Above_Stuff</key>
		<defaultValue>false</defaultValue>
		<caseTrue> 
			<Operation Class="XmlExtensions.PatchOperationReplace">
				<xpath>Defs/ThingDef[@Name="TreeBase"]/altitudeLayer</xpath>
				<value>
					<altitudeLayer>Pawn</altitudeLayer>
				</value>
			</Operation>
		</caseTrue> 
	</Operation>
	
	<Operation Class="XmlExtensions.OptionalPatch">
		<modId>NiilosQoL</modId>
		<key>NiilosQoL_Settings_Render_Some_Buildings_Over_Stuff</key>
		<defaultValue>false</defaultValue>
		<caseTrue> 
			<Operation Class="XmlExtensions.FindMod">
				<mods>
					<li>Royalty</li>
				</mods>
				<packageId>false</packageId>
				<logic>or</logic>
				<caseTrue> 
					<Operation Class="XmlExtensions.PatchOperationReplace">
						<xpath>Defs/ThingDef[defName="Drape"]/altitudeLayer</xpath>
						<value>
							<altitudeLayer>Pawn</altitudeLayer>
						</value>
					</Operation>
				</caseTrue>
			</Operation>
			<Operation Class="XmlExtensions.FindMod">
				<mods>
					<li>Vanilla Furniture Expanded - Props and Decor</li>
					<li>Vanilla Furniture Expanded - Props</li>
				</mods>
				<packageId>false</packageId>
				<logic>or</logic>
				<caseTrue> 
					<Operation Class="XmlExtensions.PatchOperationReplace">
						<xpath>Defs/ThingDef[description="A tall, impassable room divider."]/altitudeLayer</xpath>
						<value>
							<altitudeLayer>Pawn</altitudeLayer>
						</value>
					</Operation>
					<Operation Class="XmlExtensions.PatchOperationReplace">
						<xpath>Defs/ThingDef[defName="VFEPD_Banner"]/altitudeLayer</xpath>
						<value>
							<altitudeLayer>Pawn</altitudeLayer>
						</value>
					</Operation>
				</caseTrue>
			</Operation>
		</caseTrue> 
	</Operation>
	
	<!-- ########################   ######################## -->

<!--
	<Operation Class="XmlExtensions.ApplyPatch">
		<patchName>Render_Tree_Layer_Patch</patchName>
		<arguments>
		</arguments>
	</Operation>
-->

	<!-- ########################   ######################## -->

	<Operation Class="XmlExtensions.OptionalPatch">
		<modId>NiilosQoL</modId>
		<key>NiilosQoL_Settings_VFEP_Dubs_Atomics</key>
		<defaultValue>true</defaultValue>
		<caseTrue>
			<Operation Class="PatchOperationFindMod">
				<mods>
					<li>Vanilla Furniture Expanded - Power</li>
					<li>Vanilla Furniture Expanded - Power Module</li>
				</mods>
				<match Class="PatchOperationFindMod">
					<mods>
						<li>Rimatomics</li>
						<li>Dub's Rimatomics</li>
					</mods>
					<match Class="PatchOperationSequence">
						<operations>
							<li Class="XmlExtensions.PatchOperationSafeRemove">
								<xpath>Defs/ThingDef[defName="VPE_NuclearGenerator"]</xpath>
							</li>
							<li Class="XmlExtensions.PatchOperationSafeRemove">
								<xpath>Defs/ResearchProjectDef[defName="VFE_NuclearPower"]</xpath>
							</li>
						</operations>
					</match>
				</match>
			</Operation>
		</caseTrue>
	</Operation>
	
	<!-- ########################   ######################## -->
	
	<Operation Class="XmlExtensions.OptionalPatch">
		<modId>NiilosQoL</modId>
		<key>NiilosQoL_Settings_VFEF_Dubs_Sprinkler</key>
		<defaultValue>true</defaultValue>
		<caseTrue>
			<Operation Class="PatchOperationFindMod">
				<mods>
					<li>Vanilla Furniture Expanded - Farming</li>
					<li>Vanilla Furniture Expanded - Farming Module</li>
				</mods>
				<match Class="PatchOperationFindMod">
					<mods>
						<li>Dubs Bad Hygiene</li>
					</mods>
					<match Class="PatchOperationSequence">
						<operations>
							<li Class="XmlExtensions.PatchOperationSafeRemove">
								<xpath>Defs/ThingDef[defName="VFE_Sprinkler"]</xpath>
							</li>
							<li Class="XmlExtensions.PatchOperationSafeRemove">
								<xpath>Defs/ResearchProjectDef[defName="VFE_Res_Sprinkler"]</xpath>
							</li>
						</operations>
					</match>
				</match>
			</Operation>
		</caseTrue>
	</Operation>
	
	<!-- ########################   ######################## -->
	
	<Operation Class="XmlExtensions.OptionalPatch">
		<modId>NiilosQoL</modId>
		<key>NiilosQoL_Settings_Badges</key>
		<defaultValue>false</defaultValue>
		<caseTrue>
			<Operation Class="PatchOperationFindMod">
				<mods>
					<li>Pawn Badge Fan Fork [Adopted]</li>
					<li>Pawn Badge Fan Fork</li>
					<li>Pawn Badge</li>
				</mods>
				<match Class="PatchOperationFindMod">
					<mods>
						<li>Core</li>
					</mods>
					<match Class="PatchOperationSequence">
						<operations>
							<li Class="PatchOperationAdd">
								<xpath>Defs</xpath>
								<value>
									<RR_PawnBadge.BadgeDef>
										<defName>Build_NOS</defName>
										<label>Build Icon</label>
										<description>Build Icon</description>
										<icon>PawnBadge/Build_NOS</icon>
									</RR_PawnBadge.BadgeDef>
								</value>
							</li>
							<li Class="PatchOperationAdd">
								<xpath>Defs</xpath>
								<value>
									<RR_PawnBadge.BadgeDef>
										<defName>Mine_NOS</defName>
										<label>Mine Icon</label>
										<description>Mine Icon</description>
										<icon>PawnBadge/Mine_NOS</icon>
									</RR_PawnBadge.BadgeDef>
								</value>
							</li>
							<li Class="PatchOperationAdd">
								<xpath>Defs</xpath>
								<value>
									<RR_PawnBadge.BadgeDef>
										<defName>BuildMine_NOS</defName>
										<label>Build Mine Icon</label>
										<description>Build Mine Icon</description>
										<icon>PawnBadge/BuildMine_NOS</icon>
									</RR_PawnBadge.BadgeDef>
								</value>
							</li>
							<li Class="PatchOperationAdd">
								<xpath>Defs</xpath>
								<value>
									<RR_PawnBadge.BadgeDef>
										<defName>Rank1_NOS</defName>
										<label>Rank 1</label>
										<description>Rank 1</description>
										<icon>PawnBadge/Rank1_NOS</icon>
									</RR_PawnBadge.BadgeDef>
								</value>
							</li>
							<li Class="PatchOperationAdd">
								<xpath>Defs</xpath>
								<value>
									<RR_PawnBadge.BadgeDef>
										<defName>Rank1V1_NOS</defName>
										<label>Rank 1 V1</label>
										<description>Rank 1 V1</description>
										<icon>PawnBadge/Rank1V1_NOS</icon>
									</RR_PawnBadge.BadgeDef>
								</value>
							</li>
							<li Class="PatchOperationAdd">
								<xpath>Defs</xpath>
								<value>
									<RR_PawnBadge.BadgeDef>
										<defName>Rank1V2_NOS</defName>
										<label>Rank 1 V2</label>
										<description>Rank 1 V2</description>
										<icon>PawnBadge/Rank1V2_NOS</icon>
									</RR_PawnBadge.BadgeDef>
								</value>
							</li>
							<li Class="PatchOperationAdd">
								<xpath>Defs</xpath>
								<value>
									<RR_PawnBadge.BadgeDef>
										<defName>Rank2_NOS</defName>
										<label>Rank 2</label>
										<description>Rank 2</description>
										<icon>PawnBadge/Rank2_NOS</icon>
									</RR_PawnBadge.BadgeDef>
								</value>
							</li>
							<li Class="PatchOperationAdd">
								<xpath>Defs</xpath>
								<value>
									<RR_PawnBadge.BadgeDef>
										<defName>Rank2V1_NOS</defName>
										<label>Rank 2 V1</label>
										<description>Rank 2 V1</description>
										<icon>PawnBadge/Rank2V1_NOS</icon>
									</RR_PawnBadge.BadgeDef>
								</value>
							</li>
							<li Class="PatchOperationAdd">
								<xpath>Defs</xpath>
								<value>
									<RR_PawnBadge.BadgeDef>
										<defName>Rank2V2_NOS</defName>
										<label>Rank 2 V2</label>
										<description>Rank 2 V2</description>
										<icon>PawnBadge/Rank2V2_NOS</icon>
									</RR_PawnBadge.BadgeDef>
								</value>
							</li>
							<li Class="PatchOperationAdd">
								<xpath>Defs</xpath>
								<value>
									<RR_PawnBadge.BadgeDef>
										<defName>Rank3_NOS</defName>
										<label>Rank 3</label>
										<description>Rank 3</description>
										<icon>PawnBadge/Rank3_NOS</icon>
									</RR_PawnBadge.BadgeDef>
								</value>
							</li>
							<li Class="PatchOperationAdd">
								<xpath>Defs</xpath>
								<value>
									<RR_PawnBadge.BadgeDef>
										<defName>Rank3V1_NOS</defName>
										<label>Rank 3 V1</label>
										<description>Rank 3 V1</description>
										<icon>PawnBadge/Rank3V1_NOS</icon>
									</RR_PawnBadge.BadgeDef>
								</value>
							</li>
							<li Class="PatchOperationAdd">
								<xpath>Defs</xpath>
								<value>
									<RR_PawnBadge.BadgeDef>
										<defName>Rank3V2_NOS</defName>
										<label>Rank 3 V2</label>
										<description>Rank 3 V2</description>
										<icon>PawnBadge/Rank3V2_NOS</icon>
									</RR_PawnBadge.BadgeDef>
								</value>
							</li>
							<li Class="PatchOperationAdd">
								<xpath>Defs</xpath>
								<value>
									<RR_PawnBadge.BadgeDef>
										<defName>Rank4_NOS</defName>
										<label>Rank 4</label>
										<description>Rank 4</description>
										<icon>PawnBadge/Rank4_NOS</icon>
									</RR_PawnBadge.BadgeDef>
								</value>
							</li>
							<li Class="PatchOperationAdd">
								<xpath>Defs</xpath>
								<value>
									<RR_PawnBadge.BadgeDef>
										<defName>Rank5_NOS</defName>
										<label>Rank 5</label>
										<description>Rank 5</description>
										<icon>PawnBadge/Rank5_NOS</icon>
									</RR_PawnBadge.BadgeDef>
								</value>
							</li>
							<li Class="PatchOperationAdd">
								<xpath>Defs</xpath>
								<value>
									<RR_PawnBadge.BadgeDef>
										<defName>Rank6_NOS</defName>
										<label>Rank 6</label>
										<description>Rank 6</description>
										<icon>PawnBadge/Rank6_NOS</icon>
									</RR_PawnBadge.BadgeDef>
								</value>
							</li>
							<li Class="PatchOperationAdd">
								<xpath>Defs</xpath>
								<value>
									<RR_PawnBadge.BadgeDef>
										<defName>Rank6S_NOS</defName>
										<label>Rank 6 S</label>
										<description>Rank 6 S</description>
										<icon>PawnBadge/Rank6S_NOS</icon>
									</RR_PawnBadge.BadgeDef>
								</value>
							</li>
							<li Class="PatchOperationAdd">
								<xpath>Defs</xpath>
								<value>
									<RR_PawnBadge.BadgeDef>
										<defName>Rank7_NOS</defName>
										<label>Rank 7</label>
										<description>Rank 7</description>
										<icon>PawnBadge/Rank7_NOS</icon>
									</RR_PawnBadge.BadgeDef>
								</value>
							</li>
							<li Class="PatchOperationAdd">
								<xpath>Defs</xpath>
								<value>
									<RR_PawnBadge.BadgeDef>
										<defName>Rank8_NOS</defName>
										<label>Rank 8</label>
										<description>Rank 8</description>
										<icon>PawnBadge/Rank8_NOS</icon>
									</RR_PawnBadge.BadgeDef>
								</value>
							</li>
							<li Class="PatchOperationAdd">
								<xpath>Defs</xpath>
								<value>
									<RR_PawnBadge.BadgeDef>
										<defName>Rank9_NOS</defName>
										<label>Rank 9</label>
										<description>Rank 9</description>
										<icon>PawnBadge/Rank9_NOS</icon>
									</RR_PawnBadge.BadgeDef>
								</value>
							</li>
							<li Class="PatchOperationAdd">
								<xpath>Defs</xpath>
								<value>
									<RR_PawnBadge.BadgeDef>
										<defName>Rank10_NOS</defName>
										<label>Rank 10</label>
										<description>Rank 10</description>
										<icon>PawnBadge/Rank10_NOS</icon>
									</RR_PawnBadge.BadgeDef>
								</value>
							</li>
						</operations>
					</match>
				</match>
			</Operation>
		</caseTrue>
	</Operation>
	
	<Operation Class="XmlExtensions.OptionalPatch">
		<modId>NiilosQoL</modId>
		<key>NiilosQoL_Settings_Overlapping_Ranks</key>
		<defaultValue>false</defaultValue>
		<caseTrue>
			<Operation Class="PatchOperationFindMod">
				<mods>
					<li>Pawn Badge Fan Fork [Adopted]</li>
					<li>Pawn Badge Fan Fork</li>
					<li>Pawn Badge</li>
				</mods>
				<match Class="PatchOperationFindMod">
					<mods>
						<li>Core</li>
					</mods>
					<match Class="PatchOperationSequence">
						<operations>
							<li Class="XmlExtensions.PatchOperationSafeRemove">
								<xpath>Defs/RR_PawnBadge.BadgeDef[defName="Militar_Private"]</xpath>
							</li>
							<li Class="XmlExtensions.PatchOperationSafeRemove">
								<xpath>Defs/RR_PawnBadge.BadgeDef[defName="Militar_PrivateFC"]</xpath>
							</li>
							<li Class="XmlExtensions.PatchOperationSafeRemove">
								<xpath>Defs/RR_PawnBadge.BadgeDef[defName="Militar_Corporal"]</xpath>
							</li>
							<li Class="XmlExtensions.PatchOperationSafeRemove">
								<xpath>Defs/RR_PawnBadge.BadgeDef[defName="Militar_Sergeant"]</xpath>
							</li>
							<li Class="XmlExtensions.PatchOperationSafeRemove">
								<xpath>Defs/RR_PawnBadge.BadgeDef[defName="Militar_Staff_Sergeant"]</xpath>
							</li>
							<li Class="XmlExtensions.PatchOperationSafeRemove">
								<xpath>Defs/RR_PawnBadge.BadgeDef[defName="Militar_Master_Sergeant"]</xpath>
							</li>
							<li Class="XmlExtensions.PatchOperationSafeRemove">
								<xpath>Defs/RR_PawnBadge.BadgeDef[defName="Militar_First_Sergeant"]</xpath>
							</li>
							<li Class="XmlExtensions.PatchOperationSafeRemove">
								<xpath>Defs/RR_PawnBadge.BadgeDef[defName="Militar_Sergeant_Major"]</xpath>
							</li>
						</operations>
					</match>
				</match>
			</Operation>
		</caseTrue>
	</Operation>
</Patch>