<?xml version="1.0" encoding="utf-8" ?>
<Patch>

	<!-- ###################################### Remove ###################################### -->
	
	<Operation Class="XmlExtensions.OptionalPatch">
		<modId>NiilosQoL</modId>
		<key>NiilosQoL_Settings_RIMMSqol_2</key>
		<!--By default, apply the patch-->
		<defaultValue>true</defaultValue>
		<caseTrue>
			<Operation Class="PatchOperationFindMod">
				<mods>
					<li>RIMMSqol</li>
				</mods>
				<match Class="PatchOperationSequence">
					<operations>
						<li Class="XmlExtensions.PatchOperationSafeRemove">
							<xpath>/Defs/DesignationCategoryDef[defName="PFDir"]</xpath>
						</li>
					</operations>
				</match>
			</Operation>
		</caseTrue>
	</Operation>
	
	<!-- ###################################### Move and Remove ###################################### -->
			
	<Operation Class="PatchOperationFindMod">
		<mods>
			<li>Revia Race</li>
		</mods>
		<match Class="PatchOperationFindMod">
			<mods>
				<li>Core</li>
			</mods>
			<match Class="XmlExtensions.OptionalPatch">
					<modId>NiilosQoL</modId>
					<key>NiilosQoL_Settings_Remove_Revia_Race_Tab</key>
					<defaultValue>true</defaultValue>
					<caseTrue>
						<Operation Class="PatchOperationSequence">
							<operations>
								<li Class="XmlExtensions.PatchOperationReplace">
									<xpath>/Defs/ThingDef[designationCategory="ReviaCategory"]/designationCategory</xpath>
										<value>
											<designationCategory>Misc</designationCategory>
										</value>
								</li>
								<li Class="XmlExtensions.Conditional">
									<xpath>/Defs/ThingDef[designationCategory="ReviaCategory"]</xpath>
									<caseTrue> 
									</caseTrue>
									<caseFalse> 
										<Operation Class="XmlExtensions.PatchOperationRemove">
											<xpath>/Defs/DesignationCategoryDef[defName="ReviaCategory"]</xpath>
										</Operation>
									</caseFalse>
								</li>
							</operations>
						</Operation>
					</caseTrue>
			</match>
		</match>
	</Operation>

	<!-- ######################################  ###################################### -->
	
		<Operation Class="PatchOperationFindMod">
				<mods>
					<li>[CM] Spots Tab</li>
					<li>Spots Tab (Continued)</li>
					<li>[CM] Spots Tab (Continued)</li>
				</mods>
				<nomatch Class="PatchOperationSequence">	<!-- If no spot tab, add my own -->
					<operations>
						<li Class="XmlExtensions.OptionalPatch"> <!-- If setting is true -->
							<modId>NiilosQoL</modId>
							<key>NiilosQoL_Settings_Spots_Tab</key>
							<defaultValue>true</defaultValue>
							<caseTrue>
								<Operation Class="PatchOperationAdd">
									<xpath>/Defs</xpath>
										<value>
											<DesignationCategoryDef>
												<defName>NQoL_Spots</defName>
												<label>Spots</label>
												<description>Tab for spots.</description>
												<order>50</order>
												<specialDesignatorClasses>
													<li>Designator_Cancel</li>
													<li>Designator_Deconstruct</li>
												</specialDesignatorClasses>
											</DesignationCategoryDef>
										</value>
								</Operation>
							</caseTrue>
							<caseFalse>
								<Operation Class="PatchOperationFindMod">
									<mods>
										<li>Signs and Comments</li>
									</mods>	
									<match Class="XmlExtensions.OptionalPatch">
										<modId>NiilosQoL</modId>
										<key>NiilosQoL_Settings_Blank_Tabs_Setting</key>
										<defaultValue>false</defaultValue>
										<caseTrue>
											<li Class="PatchOperationAdd"> <!-- Blank tab -->
										<xpath>/Defs</xpath>
											<value>
												<DesignationCategoryDef>
													<defName>NQoL_Blank_15</defName>
													<label>...</label>
													<description>Blank tab.</description>
													<order>50</order>
													<specialDesignatorClasses>
														<li>Designator_Cancel</li>
														<li>Designator_Deconstruct</li>
													</specialDesignatorClasses>
												</DesignationCategoryDef>
											</value>
											</li>
										</caseTrue>
										<caseFalse>
										</caseFalse>
									</match>
								</Operation>
							</caseFalse>
						</li>
					</operations>
				</nomatch>
			</Operation>
			
	<Operation Class="PatchOperationFindMod">
		<mods>
			<li>[CM] Spots Tab</li>
			<li>Spots Tab (Continued)</li>
			<li>[CM] Spots Tab (Continued)</li>
		</mods>
		<nomatch Class="PatchOperationSequence">
			<operations>
				<li Class="XmlExtensions.OptionalPatch">
					<modId>NiilosQoL</modId>
					<key>NiilosQoL_Settings_Spots_Tab</key>
					<defaultValue>true</defaultValue>
					<caseTrue>
						<Operation Class="PatchOperationSequence">
							<operations>
								<li Class="XmlExtensions.PatchOperationReplace">
									<xpath>/Defs/ThingDef[defName="CraftingSpot"]/designationCategory</xpath>
										<value>
											<designationCategory>NQoL_Spots</designationCategory>
										</value>
								</li>
								<li Class="XmlExtensions.PatchOperationReplace">
									<xpath>/Defs/ThingDef[defName="ButcherSpot"]/designationCategory</xpath>
										<value>
											<designationCategory>NQoL_Spots</designationCategory>
										</value>
								</li>
								<li Class="XmlExtensions.PatchOperationReplace">
									<xpath>/Defs/ThingDef[defName="MarriageSpot"]/designationCategory</xpath>
										<value>
											<designationCategory>NQoL_Spots</designationCategory>
										</value>
								</li>
								<li Class="XmlExtensions.PatchOperationReplace">
									<xpath>/Defs/ThingDef[defName="PartySpot"]/designationCategory</xpath>
										<value>
											<designationCategory>NQoL_Spots</designationCategory>
										</value>
								</li>
								<li Class="XmlExtensions.PatchOperationReplace">
									<xpath>/Defs/ThingDef[defName="CaravanPackingSpot"]/designationCategory</xpath>
										<value>
											<designationCategory>NQoL_Spots</designationCategory>
										</value>
								</li>
								<li Class="XmlExtensions.PatchOperationReplace">
									<xpath>/Defs/ThingDef[defName="SleepingSpot"]/designationCategory</xpath>
										<value>
											<designationCategory>NQoL_Spots</designationCategory>
										</value>
								</li>
								<li Class="XmlExtensions.PatchOperationReplace">
									<xpath>/Defs/ThingDef[defName="DoubleSleepingSpot"]/designationCategory</xpath>
										<value>
											<designationCategory>NQoL_Spots</designationCategory>
										</value>
								</li>
								<li Class="XmlExtensions.PatchOperationReplace">
									<xpath>/Defs/ThingDef[defName="AnimalSleepingSpot"]/designationCategory</xpath>
										<value>
											<designationCategory>NQoL_Spots</designationCategory>
										</value>
								</li>
								<li Class="PatchOperationFindMod">
									<mods>
										<li>Ideology</li>
									</mods>
									<match Class="PatchOperationSequence">
										<operations>
											<li Class="XmlExtensions.PatchOperationReplace">
												<xpath>/Defs/ThingDef[defName="RitualSpot"]/designationCategory</xpath>
												<value>
													<designationCategory>NQoL_Spots</designationCategory>
												</value>
											</li>
										</operations>
									</match>
								</li>
								<li Class="PatchOperationFindMod">
									<mods>
										<li>Royalty</li>
									</mods>
									<match Class="PatchOperationSequence">
										<operations>
											<li Class="XmlExtensions.PatchOperationReplace">
												<xpath>/Defs/ThingDef[defName="MeditationSpot"]/designationCategory</xpath>
												<value>
													<designationCategory>NQoL_Spots</designationCategory>
												</value>
											</li>
										</operations>
									</match>
								</li>
								<li Class="PatchOperationFindMod">
									<mods>
										<li>Trade Ships Drop Spot</li>
									</mods>
									<match Class="PatchOperationSequence">
										<operations>
											<li Class="XmlExtensions.PatchOperationReplace">
												<xpath>/Defs/ThingDef[defName="DropSpotTradeShip"]/designationCategory</xpath>
												<value>
													<designationCategory>NQoL_Spots</designationCategory>
												</value>
											</li>
										</operations>
									</match>
								</li>
								<li Class="PatchOperationFindMod">
									<mods>
										<li>[KV] Trading Spot</li>
									</mods>
									<match Class="PatchOperationSequence">
										<operations>
											<li Class="XmlExtensions.PatchOperationReplace">
												<xpath>/Defs/ThingDef[defName="TradingSpot"]/designationCategory</xpath>
												<value>
													<designationCategory>NQoL_Spots</designationCategory>
												</value>
											</li>
										</operations>
									</match>
								</li>
								<li Class="PatchOperationFindMod">
									<mods>
										<li>Children, school and learning</li>
									</mods>
									<match Class="PatchOperationSequence">
										<operations>
											<li Class="XmlExtensions.PatchOperationReplace">
												<xpath>/Defs/ThingDef[defName="TeachingSpot"]/designationCategory</xpath>
												<value>
													<designationCategory>NQoL_Spots</designationCategory>
												</value>
											</li>
											<li Class="XmlExtensions.PatchOperationReplace">
												<xpath>/Defs/ThingDef[defName="LearningSpot"]/designationCategory</xpath>
												<value>
													<designationCategory>NQoL_Spots</designationCategory>
												</value>
											</li>
										</operations>
									</match>
								</li>
								<li Class="PatchOperationFindMod">
									<mods>
										<li>Empire</li>
									</mods>
									<match Class="PatchOperationSequence">
										<operations>
											<li Class="XmlExtensions.PatchOperationReplace">
												<xpath>/Defs/ThingDef[defName="TaxSpot"]/designationCategory</xpath>
												<value>
													<designationCategory>NQoL_Spots</designationCategory>
												</value>
											</li>
										</operations>
									</match>
								</li>
								<li Class="PatchOperationFindMod">
									<mods>
										<li>Revia Race</li>
									</mods>
									<match Class="PatchOperationSequence">
										<operations>
											<li Class="XmlExtensions.PatchOperationReplace">
												<xpath>/Defs/ThingDef[defName="ReviaSacrificeSpot"]/designationCategory</xpath>
												<value>
													<designationCategory>NQoL_Spots</designationCategory>
												</value>
											</li>
										</operations>
									</match>
								</li>
								<li Class="PatchOperationFindMod">
									<mods>
										<li>AnimalHarvestingSpot (Continued)</li>
										<li>AnimalHarvestingSpot</li>
										<li>Animal Harvesting Spot</li>
										<li>Animal Harvesting Spot (Continued)</li>
									</mods>
									<match Class="PatchOperationSequence">
										<operations>
											<li Class="XmlExtensions.PatchOperationReplace">
												<xpath>/Defs/ThingDef[defName="AnimalHarvestingSpot"]/designationCategory</xpath>
												<value>
													<designationCategory>NQoL_Spots</designationCategory>
												</value>
											</li>
											<li Class="XmlExtensions.PatchOperationReplace">
												<xpath>/Defs/ThingDef[defName="AnimalMilkingSpot"]/designationCategory</xpath>
												<value>
													<designationCategory>NQoL_Spots</designationCategory>
												</value>
											</li>
											<li Class="XmlExtensions.PatchOperationReplace">
												<xpath>/Defs/ThingDef[defName="AnimalShearingSpot"]/designationCategory</xpath>
												<value>
													<designationCategory>NQoL_Spots</designationCategory>
												</value>
											</li>
											<li Class="XmlExtensions.PatchOperationReplace">
												<xpath>/Defs/ThingDef[defName="AnimalSlaughteringSpot"]/designationCategory</xpath>
												<value>
													<designationCategory>NQoL_Spots</designationCategory>
												</value>
											</li>
											<li Class="XmlExtensions.PatchOperationReplace">
												<xpath>/Defs/ThingDef[defName="AnimalTrainingSpot"]/designationCategory</xpath>
												<value>
													<designationCategory>NQoL_Spots</designationCategory>
												</value>
											</li>
										</operations>
									</match>
								</li>
								<li Class="PatchOperationFindMod">
									<mods>
										<li>Caravan Journey Spot</li>
										<li>Caravan Journey Spot (Continued)</li>
									</mods>
									<match Class="PatchOperationSequence">
										<operations>
											<li Class="XmlExtensions.PatchOperationReplace">
												<xpath>/Defs/ThingDef[defName="CaravanJourneySpot"]/designationCategory</xpath>
												<value>
													<designationCategory>NQoL_Spots</designationCategory>
												</value>
											</li>
										</operations>
									</match>
								</li>
								<li Class="PatchOperationFindMod">
									<mods>
										<li>Allies Spot</li>
										<li>Allies Spot (Continued)</li>
									</mods>
									<match Class="PatchOperationSequence">
										<operations>
											<li Class="XmlExtensions.PatchOperationReplace">
												<xpath>/Defs/ThingDef[defName="AlliesSpot"]/designationCategory</xpath>
												<value>
													<designationCategory>NQoL_Spots</designationCategory>
												</value>
											</li>
										</operations>
									</match>
								</li>
							</operations>
						</Operation>
					</caseTrue>
				</li>
			</operations>
		</nomatch>
	</Operation>
</Patch>