<?xml version="1.0" encoding="utf-8" ?>
<Patch>
	<Operation Class="PatchOperationFindMod">
		<mods>
			<li>Core</li>
		</mods>
		<match Class="PatchOperationSequence">
			<operations>
				<li Class="XmlExtensions.OptionalPatch">
					<modId>NiilosQoL</modId>
					<key>NiilosQoL_Settings_Medical_Tab</key>
					<defaultValue>false</defaultValue>
					<caseTrue>
						<Operation Class="PatchOperationSequence">
							<operations>
								<li Class="PatchOperationAdd">
									<xpath>/Defs</xpath>
									<value>
										<DesignationCategoryDef>
											<defName>NQoL_Medical</defName>
											<label>Medical</label>
											<description>Tab for Medical buildings.</description>
											<order>270</order>
											<specialDesignatorClasses>
												<li>Designator_Cancel</li>
												<li>Designator_Deconstruct</li>
											</specialDesignatorClasses>
										</DesignationCategoryDef>
									</value>
								</li>
								<li Class="XmlExtensions.OptionalPatch">
									<modId>NiilosQoL</modId>
									<key>NiilosQoL_Settings_Medical_Tab</key>
									<defaultValue>false</defaultValue>
									<caseTrue>
										<Operation Class="PatchOperationFindMod">
											<mods>
												<li>Core</li>
											</mods>
											<match Class="PatchOperationSequence"> 
												<operations>
													<li Class="XmlExtensions.PatchOperationAddOrReplace">
														<xpath>Defs/ThingDef[defName="HospitalBed"]</xpath> 
														<value>
															<designationCategory>NQoL_Medical</designationCategory>
														</value>
													</li>
													<li Class="XmlExtensions.PatchOperationAddOrReplace">
														<xpath>Defs/ThingDef[defName="VitalsMonitor"]</xpath>
														<value>
															<designationCategory>NQoL_Medical</designationCategory>
														</value>
													</li>
													<li Class="XmlExtensions.PatchOperationAddOrReplace">
														<xpath>Defs/ThingDef[defName="CryptosleepCasket"]</xpath>
														<value>
															<designationCategory>NQoL_Medical</designationCategory>
														</value>
													</li>
												</operations>
											</match>
										</Operation>
									</caseTrue>
								</li>
								<li Class="XmlExtensions.OptionalPatch">
									<modId>NiilosQoL</modId>
									<key>NiilosQoL_Settings_Medical_Tab</key>
									<defaultValue>false</defaultValue>
									<caseTrue>
										<Operation Class="PatchOperationFindMod">
											<mods>
												<li>Ideology</li>
											</mods>
											<match Class="PatchOperationSequence"> 
												<operations>
													<li Class="XmlExtensions.PatchOperationAddOrReplace">
														<xpath>Defs/ThingDef[defName="BiosculpterPod"]</xpath> 
														<value>
															<designationCategory>NQoL_Medical</designationCategory>
														</value>
													</li>
												</operations>
											</match>
										</Operation>
									</caseTrue>
								</li>
								<li Class="XmlExtensions.OptionalPatch">
									<modId>NiilosQoL</modId>
									<key>NiilosQoL_Settings_Medical_Tab</key>
									<defaultValue>false</defaultValue>
									<caseTrue>
										<Operation Class="PatchOperationFindMod">
											<mods>
												<li>Wall Vitals Monitor</li>
											</mods>
											<match Class="PatchOperationSequence"> 
												<operations>
													<li Class="XmlExtensions.PatchOperationAddOrReplace">
														<xpath>Defs/ThingDef[defName="Wall_M_VitalsMonitor"]</xpath> 
														<value>
															<designationCategory>NQoL_Medical</designationCategory>
														</value>
													</li>
												</operations>
											</match>
										</Operation>
									</caseTrue>
								</li>
								<li Class="XmlExtensions.OptionalPatch">
									<modId>NiilosQoL</modId>
									<key>NiilosQoL_Settings_Medical_Tab</key>
									<defaultValue>false</defaultValue>
									<caseTrue>
										<Operation Class="PatchOperationFindMod">
											<mods>
												<li>Niilo's Misc Stuff</li>
											</mods>
											<match Class="PatchOperationSequence"> 
												<operations>
													<li Class="XmlExtensions.PatchOperationAddOrReplace">
														<xpath>Defs/ThingDef[defName="Surgery_Robot_MKI"]</xpath> 
														<value>
															<designationCategory>NQoL_Medical</designationCategory>
														</value>
													</li>
													<li Class="XmlExtensions.PatchOperationAddOrReplace">
														<xpath>Defs/ThingDef[defName="Surgery_Robot_MKII"]</xpath> 
														<value>
															<designationCategory>NQoL_Medical</designationCategory>
														</value>
													</li>
												</operations>
											</match>
										</Operation>
									</caseTrue>
								</li>
								<li Class="XmlExtensions.OptionalPatch">
									<modId>NiilosQoL</modId>
									<key>NiilosQoL_Settings_Medical_Tab_Production</key>
									<defaultValue>false</defaultValue>
									<caseTrue>
										<Operation Class="PatchOperationFindMod">
											<mods>
												<li>A Dog Said... Animal Prosthetics</li>
												<li>A Dog Said Animal Prosthetics</li>
												<li>A Dog Said...</li>
											</mods>
											<match Class="PatchOperationSequence"> 
												<operations>
													<li Class="XmlExtensions.PatchOperationAddOrReplace">
														<xpath>Defs/ThingDef[defName="TableAnimalProsthetics"]</xpath> 
														<value>
															<designationCategory>NQoL_Medical</designationCategory>
														</value>
													</li>
												</operations>
											</match>
										</Operation>
									</caseTrue>
								</li>
								<li Class="XmlExtensions.OptionalPatch">
									<modId>NiilosQoL</modId>
									<key>NiilosQoL_Settings_Medical_Tab_Production</key>
									<defaultValue>false</defaultValue>
									<caseTrue>
										<Operation Class="PatchOperationFindMod">
											<mods>
												<li>Reclaim, Reuse, Recycle (Continued)</li>
												<li>Reclaim, Reuse, Recycle</li>
											</mods>
											<match Class="PatchOperationSequence"> 
												<operations>
													<li Class="XmlExtensions.PatchOperationAddOrReplace">
														<xpath>Defs/ThingDef[defName="R3_TableHarvesting"]</xpath> 
														<value>
															<designationCategory>NQoL_Medical</designationCategory>
														</value>
													</li>
													<li Class="XmlExtensions.PatchOperationAddOrReplace">
														<xpath>Defs/ThingDef[defName="R3_TableRefurbishment"]</xpath> 
														<value>
															<designationCategory>NQoL_Medical</designationCategory>
														</value>
													</li>
												</operations>
											</match>
										</Operation>
									</caseTrue>
								</li>
								<li Class="XmlExtensions.OptionalPatch">
									<modId>NiilosQoL</modId>
									<key>NiilosQoL_Settings_Medical_Tab</key>
									<defaultValue>false</defaultValue>
									<caseTrue>
										<Operation Class="PatchOperationFindMod">
											<mods>
												<li>Medical Supplements (Continued)</li>
												<li>Medical Supplements</li>
											</mods>
											<match Class="PatchOperationSequence"> 
												<operations>
													<li Class="PatchOperationReplace">
														<xpath>/Defs/ThingDef[defName="MSMedicalMat"]/designationCategory</xpath>
														<success>Always</success>
														<value>
															<designationCategory>NQoL_Medical</designationCategory>
														</value>
													</li>
													<li Class="PatchOperationReplace">
														<xpath>/Defs/ThingDef[defName="MSMedicalMatSpacer"]/designationCategory</xpath>
														<success>Always</success>
														<value>
															<designationCategory>NQoL_Medical</designationCategory>
														</value>
													</li>
													<li Class="PatchOperationReplace">
														<xpath>/Defs/ThingDef[defName="MSMedicalMatUltra"]/designationCategory</xpath>
														<success>Always</success>
														<value>
															<designationCategory>NQoL_Medical</designationCategory>
														</value>
													</li>
													<li Class="PatchOperationReplace">
														<xpath>/Defs/ThingDef[defName="MSMedicalMatEarly"]/designationCategory</xpath>
														<success>Always</success>
														<value>
															<designationCategory>NQoL_Medical</designationCategory>
														</value>
													</li>
													<li Class="PatchOperationReplace">
														<xpath>/Defs/ThingDef[defName="MS_DStand"]/designationCategory</xpath>
														<success>Always</success>
														<value>
															<designationCategory>NQoL_Medical</designationCategory>
														</value>
													</li>
												</operations>
											</match>
										</Operation>
									</caseTrue>
								</li>
								<li Class="XmlExtensions.OptionalPatch">
									<modId>NiilosQoL</modId>
									<key>NiilosQoL_Settings_Medical_Tab_Production</key>
									<defaultValue>false</defaultValue>
									<caseTrue>
										<Operation Class="PatchOperationFindMod">
											<mods>
												<li>Medical Supplements (Continued)</li>
												<li>Medical Supplements</li>
											</mods>
											<match Class="PatchOperationSequence"> 
												<operations>
													<li Class="PatchOperationReplace">
														<xpath>/Defs/ThingDef[defName="DoBillsMSStimLab"]/designationCategory</xpath>
														<success>Always</success>
														<value>
															<designationCategory>NQoL_Medical</designationCategory>
														</value>
													</li>
												</operations>
											</match>
										</Operation>
									</caseTrue>
								</li>
								<li Class="XmlExtensions.OptionalPatch">
									<modId>NiilosQoL</modId>
									<key>NiilosQoL_Settings_Medical_Tab_Production</key>
									<defaultValue>false</defaultValue>
									<caseTrue>
										<Operation Class="PatchOperationFindMod">
											<mods>
												<li>Questionable Ethics Enhanced (Continued)</li>
												<li>Questionable Ethics Enhanced</li>
											</mods>
											<match Class="PatchOperationSequence"> 
												<operations>
													<li Class="PatchOperationReplace">
														<xpath>/Defs/ThingDef[defName="QE_Building_OrganVat"]/designationCategory</xpath>
														<success>Always</success>
														<value>
															<designationCategory>NQoL_Medical</designationCategory>
														</value>
													</li>
													<li Class="PatchOperationReplace">
														<xpath>/Defs/ThingDef[defName="QE_PawnVat"]/designationCategory</xpath>
														<success>Always</success>
														<value>
															<designationCategory>NQoL_Medical</designationCategory>
														</value>
													</li>
												</operations>
											</match>
										</Operation>
									</caseTrue>
								</li>
								<li Class="XmlExtensions.OptionalPatch">
									<modId>NiilosQoL</modId>
									<key>NiilosQoL_Settings_Medical_Tab_Production</key>
									<defaultValue>false</defaultValue>
									<caseTrue>
										<Operation Class="PatchOperationFindMod">
											<mods>
												<li>Expanded Prosthetics and Organ Engineering - Forked</li>
												<li>Expanded Prosthetics and Organ Engineering</li>
											</mods>
											<match Class="PatchOperationSequence"> 
												<operations>
													<li Class="PatchOperationReplace">
														<xpath>/Defs/ThingDef[defName="TableSimpleProsthetic"]/designationCategory</xpath>
														<success>Always</success>
														<value>
															<designationCategory>NQoL_Medical</designationCategory>
														</value>
													</li>
													<li Class="PatchOperationReplace">
														<xpath>/Defs/ThingDef[defName="TableBionics"]/designationCategory</xpath>
														<success>Always</success>
														<value>
															<designationCategory>NQoL_Medical</designationCategory>
														</value>
													</li>
													<li Class="PatchOperationReplace">
														<xpath>/Defs/ThingDef[defName="TableOrgans"]/designationCategory</xpath>
														<success>Always</success>
														<value>
															<designationCategory>NQoL_Medical</designationCategory>
														</value>
													</li>
												</operations>
											</match>
										</Operation>
									</caseTrue>
								</li>
								<li Class="XmlExtensions.OptionalPatch">
									<modId>NiilosQoL</modId>
									<key>NiilosQoL_Settings_Medical_Tab_Production</key>
									<defaultValue>false</defaultValue>
									<caseTrue>
										<Operation Class="PatchOperationFindMod">
											<mods>
												<li>Cyber Fauna [1.3]</li>
												<li>Cyber Fauna</li>
											</mods>
											<match Class="PatchOperationSequence"> 
												<operations>
													<li Class="PatchOperationReplace">
														<xpath>/Defs/ThingDef[defName="AnimalLab"]/designationCategory</xpath>
														<success>Always</success>
														<value>
															<designationCategory>NQoL_Medical</designationCategory>
														</value>
													</li>
												</operations>
											</match>
										</Operation>
									</caseTrue>
								</li>
								<li Class="XmlExtensions.OptionalPatch">
									<modId>NiilosQoL</modId>
									<key>NiilosQoL_Settings_Medical_Tab_Production</key>
									<defaultValue>false</defaultValue>
									<caseTrue>
										<Operation Class="PatchOperationFindMod">
											<mods>
												<li>Medical Supplements (Continued)</li>
												<li>Medical Supplements</li>
											</mods>
											<match Class="PatchOperationSequence"> 
												<operations>
													<li Class="PatchOperationReplace">
														<xpath>/Defs/ThingDef[defName="DoBillsMSStimLab"]/designationCategory</xpath>
														<success>Always</success>
														<value>
															<designationCategory>NQoL_Medical</designationCategory>
														</value>
													</li>
												</operations>
											</match>
										</Operation>
									</caseTrue>
								</li>
								<li Class="XmlExtensions.OptionalPatch">
									<modId>NiilosQoL</modId>
									<key>NiilosQoL_Settings_Medical_Tab_Production</key>
									<defaultValue>false</defaultValue>
									<caseTrue>
										<Operation Class="PatchOperationFindMod">
											<mods>
												<li>Rah's Bionics and Surgery Expansion</li>
												<li>Rah's Bionics and Surgery Expansion - Hardcore Edition</li>
											</mods>
											<match Class="PatchOperationSequence"> 
												<operations>
													<li Class="PatchOperationReplace">
														<xpath>/Defs/ThingDef[defName="AdvancedMedicalStation"]/designationCategory</xpath>
														<success>Always</success>
														<value>
															<designationCategory>NQoL_Medical</designationCategory>
														</value>
													</li>
													<li Class="PatchOperationReplace">
														<xpath>/Defs/ThingDef[defName="BionicWorkbench"]/designationCategory</xpath>
														<success>Always</success>
														<value>
															<designationCategory>NQoL_Medical</designationCategory>
														</value>
													</li>
												</operations>
											</match>
										</Operation>
									</caseTrue>
								</li>
								<li Class="XmlExtensions.OptionalPatch">
									<modId>NiilosQoL</modId>
									<key>NiilosQoL_Settings_Medical_Tab</key>
									<defaultValue>false</defaultValue>
									<caseTrue>
										<Operation Class="PatchOperationFindMod">
											<mods>
												<li>Vanilla Furniture Expanded - Medical Module</li>
											</mods>
											<match Class="PatchOperationSequence"> 
												<operations>
													<li Class="PatchOperationReplace">
														<xpath>/Defs/ThingDef[defName="Facility_VitalsCentre"]/designationCategory</xpath>
														<success>Always</success>
														<value>
															<designationCategory>NQoL_Medical</designationCategory>
														</value>
													</li>
													<li Class="PatchOperationReplace">
														<xpath>/Defs/ThingDef[defName="Bed_CryptoBed"]/designationCategory</xpath>
														<success>Always</success>
														<value>
															<designationCategory>NQoL_Medical</designationCategory>
														</value>
													</li>
													<li Class="PatchOperationReplace">
														<xpath>/Defs/ThingDef[defName="Facility_IVDrip"]/designationCategory</xpath>
														<success>Always</success>
														<value>
															<designationCategory>NQoL_Medical</designationCategory>
														</value>
													</li>
													<li Class="PatchOperationReplace">
														<xpath>/Defs/ThingDef[defName="Bed_OperatingTable"]/designationCategory</xpath>
														<success>Always</success>
														<value>
															<designationCategory>NQoL_Medical</designationCategory>
														</value>
													</li>
												</operations>
											</match>
										</Operation>
									</caseTrue>
								</li>
								<li Class="XmlExtensions.OptionalPatch">
									<modId>NiilosQoL</modId>
									<key>NiilosQoL_Settings_Medical_Tab</key>
									<defaultValue>false</defaultValue>
									<caseTrue>
										<Operation Class="PatchOperationFindMod">
											<mods>
												<li>Life Support Continued [1.1+]</li>
												<li>Life Support</li>
												<li>Life Support Continued</li>
												<li>Life Support (Continued)</li>
											</mods>
											<match Class="PatchOperationSequence"> 
												<operations>
													<li Class="PatchOperationReplace">
														<xpath>/Defs/ThingDef[defName="QE_LifeSupportSystem"]/designationCategory</xpath>
														<success>Always</success>
														<value>
															<designationCategory>NQoL_Medical</designationCategory>
														</value>
													</li>
												</operations>
											</match>
										</Operation>
									</caseTrue>
								</li>
								<li Class="XmlExtensions.OptionalPatch">
									<modId>NiilosQoL</modId>
									<key>NiilosQoL_Settings_Medical_Tab</key>
									<defaultValue>false</defaultValue>
									<caseTrue>
										<Operation Class="PatchOperationFindMod">
											<mods>
												<li>More Linkables</li>
											</mods>
											<match Class="PatchOperationSequence"> 
												<operations>
													<li Class="PatchOperationReplace">
														<xpath>/Defs/ThingDef[defName="SurgicalLamp"]/designationCategory</xpath>
														<success>Always</success>
														<value>
															<designationCategory>NQoL_Medical</designationCategory>
														</value>
													</li>
													<li Class="PatchOperationReplace">
														<xpath>/Defs/ThingDef[defName="SurgicalInstruments"]/designationCategory</xpath>
														<success>Always</success>
														<value>
															<designationCategory>NQoL_Medical</designationCategory>
														</value>
													</li>
												</operations>
											</match>
										</Operation>
									</caseTrue>
								</li>
							</operations>
						</Operation>
					</caseTrue>
					<caseFalse>
						<Operation Class="PatchOperationSequence"> <!-- if  is not loaded -->
							<operations>
								<li Class="PatchOperationFindMod">
									<mods>
										<li>Insulation</li>
										<li>Insulation (Continued)</li>
									</mods>	
									<match Class="XmlExtensions.OptionalPatch"> <!-- if  is loaded--> <!-- If Blank tabs are enabled -->
										<modId>NiilosQoL</modId>
										<key>NiilosQoL_Settings_Blank_Tabs_Setting</key>
										<defaultValue>false</defaultValue>
										<caseTrue>
											<li Class="PatchOperationAdd"> <!-- Blank tab -->
												<xpath>/Defs</xpath>
												<value>
													<DesignationCategoryDef>
														<defName>NQoL_Blank_20</defName>
														<label>...</label>
														<description>Blank tab.</description>
														<order>270</order>
														<specialDesignatorClasses>
															<li>Designator_Cancel</li>
															<li>Designator_Deconstruct</li>
														</specialDesignatorClasses>
													</DesignationCategoryDef>
												</value>
											</li>
										</caseTrue>
									</match>
								</li>
							</operations>
						</Operation>
					</caseFalse>
				</li>
			</operations>
		</match>
	</Operation>
</Patch>