<?xml version="1.0" encoding="utf-8"?>
<Patch>
	<Operation Class="XmlExtensions.UseSetting">
		<modId>NiilosQoL</modId>
		<key>NiilosQoL_RadioKey_Road_Colors</key>
		<defaultValue>Preset_1</defaultValue>
		<apply>
			<Operation Class="XmlExtensions.PatchByCase">
				<value>{NiilosQoL_RadioKey_Road_Colors}</value>
				<cases>
					<li>
						<value>Preset_1</value>
						<apply>
							<Operation Class="PatchOperationReplace">
								<xpath>/Defs/RoadDef[defName="DirtPath"]/worldRenderSteps</xpath>
								<value>
									<worldRenderSteps>
										<li>
											<layer>Outline</layer>
											<width>0.35</width>
										</li>
										<li>
											<layer>DirtPath</layer>
											<width>0.2</width>
										</li>
									</worldRenderSteps>
								</value>
							</Operation>
							<Operation Class="PatchOperationReplace">
								<xpath>/Defs/RoadWorldLayerDef[defName="DirtPath"]/color</xpath>
									<value>
										<color>(1, 0.7, 0)</color>
									</value>
							</Operation>
							<Operation Class="PatchOperationReplace">
								<xpath>/Defs/RoadWorldLayerDef[defName="Dirt"]/color</xpath>
									<value>
										<color>(1, 1, 0)</color>
									</value>
							</Operation>
							<Operation Class="PatchOperationReplace">
								<xpath>/Defs/RoadWorldLayerDef[defName="Stone"]/color</xpath>
									<value>
										<color>(0, 1, 0.4)</color>
									</value>
							</Operation>
							<Operation Class="PatchOperationReplace">
								<xpath>/Defs/RoadWorldLayerDef[defName="Gravel"]/color</xpath>
									<value>
										<color>(0, 0.83, 1)</color>
									</value>
							</Operation>
							<Operation Class="PatchOperationReplace">
								<xpath>/Defs/RoadWorldLayerDef[defName="Asphalt"]/color</xpath>
									<value>
										<color>(0.15, 0, 1)</color>
									</value>
							</Operation>
							<Operation Class="PatchOperationReplace">
								<xpath>/Defs/RoadWorldLayerDef[defName="AsphaltHighway"]/color</xpath>
									<value>
										<color>(0.76, 0, 1)</color>
									</value>
							</Operation>
							<Operation Class="PatchOperationReplace">
								<xpath>/Defs/RoadDef[defName="AncientAsphaltHighway"]/worldRenderSteps</xpath>
								<value>
									<worldRenderSteps>
										<li>
											<layer>Outline</layer>
											<width>0.95</width>
										</li>
										<li>
											<layer>Asphalt</layer>
											<width>0.8</width>
										</li>
										<li>
											<layer>AsphaltHighway</layer>
											<width>0.55</width>
										</li>
									</worldRenderSteps>
								</value>
							</Operation>
							<Operation Class="PatchOperationFindMod">
								<mods>
									<li>Roads of the Rim (Continued)</li>
									<li>Roads of the Rim</li>
								</mods>
								<match Class="PatchOperationSequence">
									<operations>
										<li Class="PatchOperationReplace">
											<xpath>/Defs/RoadDef[defName="DirtPathBuilt"]/worldRenderSteps</xpath>
											<value>
												<worldRenderSteps>
													<li>
														<layer>Outline</layer>
														<width>0.35</width>
													</li>
													<li>
														<layer>DirtPath</layer>
														<width>0.2</width>
													</li>
												</worldRenderSteps>
											</value>
										</li>	
										<li Class="PatchOperationReplace">
											<xpath>/Defs/RoadDef[defName="GlitterRoad"]/worldRenderSteps</xpath>
											<value>
												<worldRenderSteps>
													<li>
														<layer>Outline</layer>
														<width>0.65</width>
													</li>
													<li>
														<layer>AsphaltHighway</layer>
														<width>0.5</width>
													</li>
													<li>
														<layer>WhiteLine</layer>
														<width>0.15</width>
													</li>
												</worldRenderSteps>
											</value>
										</li>
									</operations>
								</match>
							</Operation>
						</apply>
					</li>
					<li>
						<value>Preset_Neon_2</value>
						<apply>
							<Operation Class="PatchOperationReplace">
								<xpath>/Defs/RoadDef[defName="DirtPath"]/worldRenderSteps</xpath>
								<value>
									<worldRenderSteps>
										<li>
											<layer>Outline</layer>
											<width>0.35</width>
										</li>
										<li>
											<layer>DirtPath</layer>
											<width>0.2</width>
										</li>
									</worldRenderSteps>
								</value>
							</Operation>
							<Operation Class="PatchOperationReplace">
								<xpath>/Defs/RoadWorldLayerDef[defName="DirtPath"]/color</xpath>
								<value>
									<color>(1, 0.7, 0)</color>
								</value>
							</Operation>
							<Operation Class="PatchOperationReplace">
								<xpath>/Defs/RoadWorldLayerDef[defName="Dirt"]/color</xpath>
								<value>
									<color>(1, 1, 0)</color>
								</value>
							</Operation>
							<Operation Class="PatchOperationReplace">
								<xpath>/Defs/RoadWorldLayerDef[defName="Stone"]/color</xpath>
								<value>
									<color>(0, 1, 0.4)</color>
								</value>
							</Operation>
							<Operation Class="PatchOperationReplace">
								<xpath>/Defs/RoadWorldLayerDef[defName="Gravel"]/color</xpath>
								<value>
									<color>(0, 0.83, 1)</color>
								</value>
							</Operation>
							<Operation Class="PatchOperationReplace">
								<xpath>/Defs/RoadWorldLayerDef[defName="Asphalt"]/color</xpath>
								<value>
									<color>(0.15, 1, 1)</color>
								</value>
							</Operation>
							<Operation Class="PatchOperationReplace">
								<xpath>/Defs/RoadWorldLayerDef[defName="AsphaltHighway"]/color</xpath>
								<value>
									<color>(0.92, 0, 0.84)</color> <!-- <color>(0.94, 0.22, 0.88)</color> -->
								</value>
							</Operation>
							<Operation Class="PatchOperationReplace">
								<xpath>/Defs/RoadDef[defName="AncientAsphaltHighway"]/worldRenderSteps</xpath>
								<value>
									<worldRenderSteps>
										<li>
											<layer>Outline</layer>
											<width>0.95</width>
										</li>
										<li>
											<layer>Asphalt</layer>
											<width>0.8</width>
										</li>
										<li>
											<layer>AsphaltHighway</layer>
											<width>0.55</width>
										</li>
									</worldRenderSteps>
								</value>
							</Operation>
							<Operation Class="PatchOperationFindMod">
								<mods>
									<li>Roads of the Rim (Continued)</li>
									<li>Roads of the Rim</li>
								</mods>
								<match Class="PatchOperationSequence">
									<operations>
										<li Class="PatchOperationReplace">
											<xpath>/Defs/RoadDef[defName="DirtPathBuilt"]/worldRenderSteps</xpath>
											<value>
												<worldRenderSteps>
													<li>
														<layer>Outline</layer>
														<width>0.35</width>
													</li>
													<li>
														<layer>DirtPath</layer>
														<width>0.2</width>
													</li>
												</worldRenderSteps>
											</value>
										</li>	
										<li Class="PatchOperationReplace">
											<xpath>/Defs/RoadDef[defName="GlitterRoad"]/worldRenderSteps</xpath>
											<value>
												<worldRenderSteps>
													<li>
														<layer>Outline</layer>
														<width>0.65</width>
													</li>
													<li>
														<layer>AsphaltHighway</layer>
														<width>0.5</width>
													</li>
													<li>
														<layer>WhiteLine</layer>
														<width>0.15</width>
													</li>
												</worldRenderSteps>
											</value>
										</li>
									</operations>
								</match>
							</Operation>
						</apply>
					</li>
					<li>
						<value>Preset_2</value>
						<apply>
							<Operation Class="PatchOperationReplace">
								<xpath>/Defs/RoadWorldLayerDef[defName="Dirt"]/color</xpath>
								<value>
									<color>(0.62, 0.62, 0.14)</color>
								</value>
							</Operation>
							<Operation Class="PatchOperationReplace">
								<xpath>/Defs/RoadWorldLayerDef[defName="Stone"]/color</xpath>
								<value>
									<color>(1.0, 0.92, 0.23)</color>
								</value>
							</Operation>
							<Operation Class="PatchOperationReplace">
								<xpath>/Defs/RoadWorldLayerDef[defName="Gravel"]/color</xpath>
								<value>
									<color>(1.0, 0.75, 0.03)</color>
								</value>
							</Operation>
							<Operation Class="PatchOperationReplace">
								<xpath>/Defs/RoadWorldLayerDef[defName="Asphalt"]/color</xpath>
								<value>
									<color>(0.867, 0.1725, 0.0)</color>
								</value>
							</Operation>
						</apply>
					</li>
					<li>
						<value>OFF</value>
						<apply>
						</apply>
					</li>
				</cases>
			</Operation>
		</apply>
	</Operation>
	
	<Operation Class="XmlExtensions.UseSetting">
		<modId>NiilosQoL</modId>
		<key>NiilosQoL_Settings_MapGen_More_Rivers</key>
		<defaultValue>Rivers_Vanilla</defaultValue>
		<apply>
			<Operation Class="XmlExtensions.PatchByCase">
				<value>{NiilosQoL_Settings_MapGen_More_Rivers}</value>
				<cases>
					<li>
						<value>Rivers_Vanilla</value>
						<apply>

						</apply>
					</li>
					<li>
						<value>Rivers_Common</value>
						<apply>
							<Operation Class="PatchOperationSequence">
								<operations>
									<li Class="PatchOperationReplace">
										<xpath>Defs/RiverDef/spawnChance</xpath>
										<value>
											<spawnChance>1</spawnChance>
										</value>
									</li>
									<li Class="PatchOperationReplace">
										<xpath>Defs/RiverDef/branches/li/chance</xpath>
										<value>
											<chance>1</chance>
										</value>
									</li>
								</operations>
							</Operation>
						</apply>
					</li>
					<li>
						<value>Rivers_Rare</value>
						<apply>
							<Operation Class="PatchOperationSequence">
								<operations>
									<li Class="PatchOperationReplace">
										<xpath>Defs/RiverDef/spawnChance</xpath>
										<value>
											<spawnChance>0.25</spawnChance>
										</value>
									</li>
									<li Class="PatchOperationReplace">
										<xpath>Defs/RiverDef/branches/li/chance</xpath>
										<value>
											<chance>0.25</chance>
										</value>
									</li>
								</operations>
							</Operation>
						</apply>
					</li>
				</cases>
			</Operation>
		</apply>
	</Operation>
</Patch>