<?xml version="1.0" encoding="utf-8" ?>
<Patch>
	<Operation Class="PatchOperationFindMod">
		<mods>
			<li></li>
		</mods>
		<nomatch Class="PatchOperationSequence">
			<operations>
				<li Class="XmlExtensions.OptionalPatch">
					<modId>NiilosQoL</modId>
					<key>NiilosQoL_Settings_Warn_About_Mods</key>
					<defaultValue>true</defaultValue>
					<caseTrue>
						<Operation Class="PatchOperationSequence">
							<operations>
								<li Class="XmlExtensions.Log">
									<text>Checking for mod issues... You can disable these warnings in the settings.</text>
								</li>
								
								<!-- ################# Performance warnings ################# -->
								
								<li Class="PatchOperationFindMod">
									<mods>
										<li>LightsOut</li>
									</mods>
									<match Class="XmlExtensions.Log">
										<warning>LightsOut | May have a high performance impact!</warning>
									</match>
								</li>
								
								<li Class="PatchOperationFindMod">
									<mods>
										<li>Raiders Never Die (Continued) </li>
										<li>Raiders Never Die</li>
									</mods>
									<match Class="XmlExtensions.Log">
										<warning>Raiders Never Die | May have a high performance impact!</warning>
									</match>
								</li>
								
								<li Class="PatchOperationFindMod">
									<mods>
										<li>Auto Light Switch</li>
									</mods>
									<match Class="XmlExtensions.Log">
										<warning>Auto Light Switch | May have a high performance impact!</warning>
									</match>
								</li>
								
								<li Class="PatchOperationFindMod">
									<mods>
										<li>Labels on Floor</li>
										<li>Labels on Floors</li>
									</mods>
									<match Class="XmlExtensions.Log">
										<warning>Labels on Floor | May have a high performance impact!</warning>
									</match>
								</li>
								
								<li Class="PatchOperationFindMod">
									<mods>
										<li>Opened Doors Don't Block Light (Continued)</li>
										<li>Opened Doors Don't Block Light</li>
										<li>Doors Don't Block Light</li>
										<li>Doors Dont Block Light</li>
									</mods>
									<match Class="XmlExtensions.Log">
										<warning>Doors Don't Block Light | May have a high performance impact!</warning>
									</match>
								</li>
								
								<!-- ################# Overlap warnings ################# -->
								
								<li Class="PatchOperationFindMod">
									<mods>
										<li>Smart Farming</li>
									</mods>
									<match Class="PatchOperationFindMod">
										<mods>
											<li>Auto-Cut Blight</li>
										</mods>
										<match Class="XmlExtensions.Log">
											<warning>Smart Farming | Auto-Cut Blight | Have overlapping functionality!</warning>
										</match>
									</match>
								</li>
								
								<li Class="PatchOperationFindMod">
									<mods>
										<li>Simple sidearms</li>
									</mods>
									<match Class="PatchOperationFindMod">
										<mods>
											<li>Where is my weapon?[1.0-1.3]</li>
											<li>Where is my weapon?[B19]</li>
											<li>Where is my weapon?</li>
										</mods>
										<match Class="XmlExtensions.Log">
											<warning>Simple sidearms | Where is my weapon? | Have overlapping functionality!</warning>
										</match>
									</match>
								</li>
								
								<li Class="PatchOperationFindMod">
									<mods>
										<li>Show Draftees Weapon</li>
									</mods>
									<match Class="PatchOperationFindMod">
										<mods>
											<li>CM Color Coded Mood Bar [1.1+]</li>
											<li>CM Color Coded Mood Bar</li>
										</mods>
										<match Class="XmlExtensions.Log">
											<warning>Show Draftees Weapon | CM Color Coded Mood Bar | Have overlapping functionality!</warning>
										</match>
									</match>
								</li>
								
								<li Class="PatchOperationFindMod">
									<mods>
										<li>What's That Mod</li>
									</mods>
									<match Class="PatchOperationFindMod">
										<mods>
											<li>ShowModDesignators</li>
										</mods>
										<match Class="XmlExtensions.Log">
											<warning>What's That Mod | ShowModDesignators | Have overlapping functionality!</warning>
										</match>
									</match>
								</li>

								<li Class="PatchOperationFindMod">
									<mods>
										<li>ED-EnhancedOptions</li>
									</mods>
									<match Class="PatchOperationFindMod">
										<mods>
											<li>Wildfire (Continued)</li>
											<li>Wildfire</li>
										</mods>
										<match Class="XmlExtensions.Log">
											<warning>ED-EnhancedOptions | Wildfire | Have overlapping functionality!</warning>
										</match>
									</match>
								</li>
								
								<li Class="PatchOperationFindMod">
									<mods>
										<li>ED-EnhancedOptions</li>
									</mods>
									<match Class="PatchOperationFindMod">
										<mods>
											<li>Scattered Flames</li>
										</mods>
										<match Class="XmlExtensions.Log">
											<warning>ED-EnhancedOptions | Scattered Flames | Have overlapping functionality!</warning>
										</match>
									</match>
								</li>
								
								<li Class="PatchOperationFindMod">
									<mods>
										<li>Scattered Flames</li>
									</mods>
									<match Class="PatchOperationFindMod">
										<mods>
											<li>Wildfire (Continued)</li>
											<li>Wildfire</li>
										</mods>
										<match Class="XmlExtensions.Log">
											<warning>Scattered Flames | Wildfire | Have overlapping functionality!</warning>
										</match>
									</match>
								</li>
								
								<li Class="PatchOperationFindMod">
									<mods>
										<li>[LTO] Colony Groups</li>
									</mods>
									<match Class="PatchOperationFindMod">
										<mods>
											<li>CM Color Coded Mood Bar [1.1]</li>
											<li>CM Color Coded Mood Bar [1.2]</li>
											<li>CM Color Coded Mood Bar [1.3]</li>
											<li>CM Color Coded Mood Bar [1.4]</li>
											<li>CM Color Coded Mood Bar</li>
										</mods>
										<match Class="XmlExtensions.Log">
											<warning>[LTO] Colony Groups | CM Color Coded Mood Bar | Have overlapping functionality!</warning>
										</match>
									</match>
								</li>
								
								<li Class="PatchOperationFindMod">
									<mods>
										<li>Subsurface Conduit</li>
									</mods>
									<match Class="PatchOperationFindMod">
										<mods>
											<li>Underground Power Conduits</li>
										</mods>
										<match Class="XmlExtensions.Log">
											<warning>Subsurface Conduit | Underground Power Conduits | Have overlapping functionality!</warning>
										</match>
									</match>
								</li>
								
								<li Class="PatchOperationFindMod">
									<mods>
										<li>Share The Load</li>
									</mods>
									<match Class="PatchOperationFindMod">
										<mods>
											<li>Cut plants before building</li>
										</mods>
										<match Class="XmlExtensions.Log">
											<warning>Share The Load | Cut plants before building | Have overlapping functionality!</warning>
										</match>
									</match>
								</li>
								
								<li Class="PatchOperationFindMod">
									<mods>
										<li>[SF] Priority treatment</li>
										<li>Priority treatment</li>
										<li>[SF] Priority treatment 1.1</li>
									</mods>
									<match Class="PatchOperationFindMod">
										<mods>
											<li>No Lazy Doctors</li>
										</mods>
										<match Class="XmlExtensions.Log">
											<warning>Priority treatment | No Lazy Doctors | Have overlapping functionality!</warning>
										</match>
									</match>
								</li>
								
								<li Class="PatchOperationFindMod">
									<mods>
										<li>ETRT: Room Size Tweaks</li>
									</mods>
									<match Class="PatchOperationFindMod">
										<mods>
											<li>Realistic Rooms Rewritten</li>
										</mods>
										<match Class="XmlExtensions.Log">
											<warning>ETRT: Room Size Tweaks | Realistic Rooms Rewritten | Have overlapping functionality!</warning>
										</match>
									</match>
								</li>
								
								<!-- ################# My mod overlap warnings ################# --> 
								
								<li Class="PatchOperationFindMod"> 
									<mods>
										<li>[WD] Partially-Passable Wind Turbines (Obsolete)</li>
										<li>[WD] Partially-Passable Wind Turbines</li>
										<li>Partially-Passable Wind Turbines</li>
									</mods>
									<match Class="XmlExtensions.Log">
										<warning>Partially-Passable Wind Turbines | Niilo's QoL | Have overlapping functionality!</warning>
									</match>
								</li>
								
								<li Class="PatchOperationFindMod"> 
									<mods>
										<li>Tilled Soil + Vanilla Expanded Architect Patch</li>
									</mods>
									<match Class="XmlExtensions.Log">
										<warning>Tilled Soil + Vanilla Expanded Architect Patch | Niilo's QoL | Have overlapping functionality!</warning>
									</match>
								</li>
								
								<li Class="PatchOperationFindMod">
									<mods>
										<li>Niilo's Misc Stuff</li>
									</mods>
									<match Class="PatchOperationFindMod">
										<mods>
											<li>Tilled Soil</li>
										</mods>
										<match Class="XmlExtensions.Log">
											<warning>Niilo's Misc Stuff | Tilled Soil | Have overlapping functionality!</warning>
										</match>
									</match>
								</li>
								
								<li Class="PatchOperationFindMod"> 
									<mods>
										<li>VPE - No Tilled Soil</li>
										<li>VPE No Tilled Soil</li>
									</mods>
									<match Class="XmlExtensions.Log">
										<warning>VPE - No Tilled Soil | Niilo's QoL | Have overlapping functionality!</warning>
									</match>
								</li>
								
								<li Class="PatchOperationFindMod"> 
									<mods>
										<li>Better Roads</li>
									</mods>
									<match Class="XmlExtensions.Log">
										<warning>Better Roads | Niilo's QoL | Have overlapping functionality!</warning>
									</match>
								</li>
								
								<li Class="PatchOperationFindMod"> 
									<mods>
										<li>[KYD] Cover Your Nose!</li>
										<li>Cover Your Nose!</li>
									</mods>
									<match Class="XmlExtensions.Log">
										<warning>Cover Your Nose! | Niilo's QoL | Have overlapping functionality!</warning>
									</match>
								</li>
								
								<li Class="PatchOperationFindMod"> 
									<mods>
										<li>Silent Doors (Continued)</li>
										<li>Silent Doors</li>
									</mods>
									<match Class="XmlExtensions.Log">
										<warning>Silent Doors | Niilo's QoL | Have overlapping functionality!</warning>
									</match>
								</li>
								
								<li Class="PatchOperationFindMod"> 
									<mods>
										<li>Nurse Job</li>
									</mods>
									<match Class="XmlExtensions.Log">
										<warning>Nurse Job | Niilo's QoL | Have overlapping functionality!</warning>
									</match>
								</li>
								
								<li Class="PatchOperationFindMod">
									<mods>
										<li>[SF] Priority treatment</li>
										<li>Priority treatment</li>
										<li>[SF] Priority treatment 1.1</li>
									</mods>
									<match Class="XmlExtensions.Log">
										<warning>[SF] Priority treatment | Niilo's QoL | Have overlapping functionality!</warning>
									</match>
								</li>
								
								<li Class="PatchOperationFindMod">
									<mods>
										<li>No Lazy Doctors</li>
									</mods>
									<match Class="XmlExtensions.Log">
										<warning>No Lazy Doctors | Niilo's QoL | Have overlapping functionality!</warning>
									</match>
								</li>
								
								<li Class="PatchOperationFindMod">
									<mods>
										<li>Perspective: Trees</li>
									</mods>
									<match Class="XmlExtensions.Log">
										<warning>Perspective: Trees | Niilo's QoL | Have overlapping functionality!</warning>
									</match>
								</li>
							
								<li Class="PatchOperationFindMod">
									<mods>
										<li>[CM] Spots Tab</li>
									</mods>
									<match Class="XmlExtensions.Log">
										<warning>[CM] Spots Tab | Niilo's QoL | Have overlapping functionality!</warning>
									</match>
								</li>
								
								<li Class="PatchOperationFindMod">
									<mods>
										<li>ETRT: Room Size Tweaks</li>
									</mods>
									<match Class="XmlExtensions.Log">
										<warning>ETRT: Room Size Tweaks | Niilo's QoL | Have overlapping functionality!</warning>
									</match>
								</li>
								
								<li Class="PatchOperationFindMod">
									<mods>
										<li>Realistic Rooms Rewritten</li>
									</mods>
									<match Class="XmlExtensions.Log">
										<warning>Realistic Rooms Rewritten | Niilo's QoL | Have overlapping functionality!</warning>
									</match>
								</li>
								
								<li Class="PatchOperationFindMod">
									<mods>
										<li>Minify More</li>
									</mods>
									<match Class="XmlExtensions.Log">
										<warning>Minify More | Niilo's QoL | Have overlapping functionality!</warning>
									</match>
								</li>
								
								<li Class="PatchOperationFindMod">
									<mods>
										<li>Skilled Stonecutting</li>
									</mods>
									<match Class="XmlExtensions.Log">
										<warning>Skilled Stonecutting | Niilo's QoL | Have overlapping functionality!</warning>
									</match>
								</li>
								
								<li Class="PatchOperationFindMod">
									<mods>
										<li>Raiders Never Die (Continued) </li>
										<li>Raiders Never Die</li>
									</mods>
									<match Class="XmlExtensions.Log">
										<warning>Raiders Never Die | Niilo's QoL | Have overlapping functionality!</warning>
									</match>
								</li>
								
								<!-- ################# Compatibility warnings ################# -->          
								
								<li Class="PatchOperationFindMod">
									<mods>
										<li>Hospitality</li>
									</mods>
									<match Class="PatchOperationFindMod">
										<mods>
											<li>Questionable Ethics Enhanced</li>
											<li>Questionable Ethics Enhanced (Continued)</li>
											<li>Questionable Ethics</li>
										</mods>
										<match Class="XmlExtensions.Log">
											<warning>Hospitality | Questionable Ethics Enhanced | May not be compatible with each other!</warning>
										</match>
									</match>
								</li>
								
								<li Class="PatchOperationFindMod">
									<mods>
										<li>ED-Shields</li>
										<li>ED Shields</li>
									</mods>
									<match Class="PatchOperationFindMod">
										<mods>
											<li>Shield Generators by Frontier Developments</li>
											<li>Shield Generators</li>
										</mods>
										<match Class="XmlExtensions.Log">
											<warning>ED-Shields | Shield Generators by Frontier Developments | May not be compatible with each other!</warning>
										</match>
									</match>
								</li>
								
								<li Class="PatchOperationFindMod">
									<mods>
										<li>RimThreaded</li>
										<li>RimThreaded (Experimental)</li>
										<li>[RT] RimThreaded (Experimental)</li>
									</mods>
									<match Class="PatchOperationFindMod">
										<mods>
											<li>RocketMan - Performance Mod</li>
											<li>RocketMan</li>
										</mods>
										<match Class="XmlExtensions.Log">
											<warning>RimThreaded | RocketMan | May not be compatible with each other!</warning>
										</match>
									</match>
								</li>
								
								<!-- ################# Other warnings ################# -->     
								
								<li Class="XmlExtensions.FindMod">
									<mods>
										<li>RimThreaded</li>
									</mods>
									<packageId>false</packageId>
									<logic>or</logic>
									<caseTrue> 
										<Operation Class="XmlExtensions.Log">
											<error>RimThreaded | Is currently out-dated and un-stable! Use: | RimThreaded (Experimental) | instead!</error>
										</Operation>
										<Operation Class="XmlExtensions.Log">
											<warning>Here is the workshop page link: https://steamcommunity.com/sharedfiles/filedetails/2652641362</warning>
										</Operation>
									</caseTrue>
								</li>
							</operations>
						</Operation>
					</caseTrue>
				</li>
			</operations>
		</nomatch>
	</Operation>
</Patch>