<?xml version="1.0" encoding="utf-8"?>
<Patch>
	<Operation Class="PatchOperationFindMod">
		<mods>
			<li>No Lazy Doctors</li>
		</mods>
		<nomatch Class="XmlExtensions.OptionalPatch">
			<modId>NiilosQoL</modId>
			<key>NiilosQoL_Settings_Work_Doctor_Emergency_Tend</key>
			<defaultValue>true</defaultValue>
			<caseTrue>
				<Operation Class="XmlExtensions.PatchOperationSafeAdd">
					<xpath>Defs/WorkGiverDef[defName="DoctorTendToHumanlikes"]</xpath>
						<value>
							<emergency>true</emergency>
							<!--<giverClass>WorkGiver_TendOtherUrgent</giverClass>-->
						</value>
				</Operation>
			</caseTrue>
		</nomatch>
	</Operation>
	<Operation Class="PatchOperationFindMod">
		<mods>
			<li>No Lazy Doctors</li>
		</mods>
		<nomatch Class="XmlExtensions.OptionalPatch">
			<modId>NiilosQoL</modId>
			<key>NiilosQoL_Settings_Work_Doctor_Emergency_Tend_Self</key>
			<defaultValue>true</defaultValue>
			<caseTrue>
				<Operation Class="XmlExtensions.PatchOperationSafeAdd">
					<xpath>Defs/WorkGiverDef[defName="DoctorTendToSelf"]</xpath>
						<value>
							<emergency>true</emergency>
							<!--<giverClass>WorkGiver_TendSelfEmergency</giverClass>-->
						</value>
				</Operation>
			</caseTrue>
		</nomatch>
	</Operation>
	<Operation Class="PatchOperationFindMod">
		<mods>
			<li>No Lazy Doctors</li>
		</mods>
		<nomatch Class="XmlExtensions.OptionalPatch">
			<modId>NiilosQoL</modId>
			<key>NiilosQoL_Settings_Work_Doctor_Emergency_Rescue</key>
			<defaultValue>true</defaultValue>
			<caseTrue>
				<Operation Class="XmlExtensions.PatchOperationSafeAdd">
					<xpath>Defs/WorkGiverDef[defName="DoctorRescue"]</xpath>
						<value>
							<emergency>true</emergency>
						</value>
				</Operation>
			</caseTrue>
		</nomatch>
	</Operation>
	<Operation Class="PatchOperationFindMod">
		<mods>
			<li>No Lazy Doctors</li>
		</mods>
		<nomatch Class="XmlExtensions.OptionalPatch">
			<modId>NiilosQoL</modId>
			<key>NiilosQoL_Settings_Work_Doctor_Emergency_Animals</key>
			<defaultValue>false</defaultValue>
			<caseTrue>
				<Operation Class="XmlExtensions.PatchOperationSafeAdd">
					<xpath>Defs/WorkGiverDef[defName="DoctorTendToAnimals"]</xpath>
						<value>
							<emergency>true</emergency>
						</value>
				</Operation>
			</caseTrue>
		</nomatch>
	</Operation>
	
	<Operation Class="PatchOperationFindMod">
		<mods>
			<li>Nurse Job</li>
		</mods>
		<nomatch Class="XmlExtensions.OptionalPatch">
			<modId>NiilosQoL</modId>
			<key>NiilosQoL_Settings_Work_Nurse</key>
			<defaultValue>false</defaultValue>
			<caseTrue>
				<Operation Class="PatchOperationSequence">
					<operations>
						<li Class="XmlExtensions.PatchOperationAdd">
							<xpath>/Defs</xpath>
							<value>
								<WorkTypeDef>
									<defName>NQoL_Nurse</defName>
										<labelShort>nurse</labelShort>
										<pawnLabel>Nurse</pawnLabel>
										<gerundLabel>nursing</gerundLabel>
										<description>Bring sick colonists food and cheer them up. Nurses also feed sick animals.</description> <!-- Bring the sick food and cheer them up. Nurses will care for both colonists and prisoners. -->
										<verb>Care for</verb>
										<naturalPriority>1299</naturalPriority> <!-- Doctor is 1300 -->
										<relevantSkills>
											<li>Social</li>
										</relevantSkills>
										<workTags>
											<li>Caring</li>
											<li>Commoner</li>
											<li>AllWork</li>
										</workTags>		
								</WorkTypeDef>
							</value>
						</li>
						<li Class="XmlExtensions.PatchOperationReplace">
							<xpath>/Defs/WorkGiverDef[defName="DoctorFeedHumanlikes"]/workType</xpath>
							<value>
								<workType>NQoL_Nurse</workType>
							</value>
						</li>
						<li Class="XmlExtensions.PatchOperationReplace">
							<xpath>/Defs/WorkGiverDef[defName="DoctorRescue"]/workType</xpath>
							<value>
								<workType>NQoL_Nurse</workType>
							</value>
						</li>
						<li Class="XmlExtensions.PatchOperationReplace">
							<xpath>/Defs/WorkGiverDef[defName="DoctorFeedAnimals"]/workType</xpath>
							<value>
								<workType>NQoL_Nurse</workType>
							</value>
						</li>
						<li Class="XmlExtensions.PatchOperationReplace">
							<xpath>/Defs/WorkGiverDef[defName="TakeToBedToOperate"]/workType</xpath>
							<value>
								<workType>NQoL_Nurse</workType>
							</value>
						</li>
						<li Class="XmlExtensions.PatchOperationReplace">
							<xpath>/Defs/WorkGiverDef[defName="VisitSickPawn"]/workType</xpath>
							<value>
								<workType>NQoL_Nurse</workType>
							</value>
						</li>
						
						
						<li Class="XmlExtensions.PatchOperationReplace">
							<xpath>/Defs/WorkGiverDef[defName="DoctorRescue"]/priorityInType</xpath>
							<value>
								<priorityInType>50</priorityInType> 
							</value>
						</li>
						<li Class="XmlExtensions.PatchOperationReplace">
							<xpath>/Defs/WorkGiverDef[defName="DoctorFeedHumanlikes"]/priorityInType</xpath>
							<value>
								<priorityInType>40</priorityInType>
							</value>
						</li>
						<li Class="XmlExtensions.PatchOperationReplace">
							<xpath>/Defs/WorkGiverDef[defName="DoctorFeedAnimals"]/priorityInType</xpath>
							<value>
								<priorityInType>30</priorityInType>
							</value>
						</li>
						<li Class="XmlExtensions.PatchOperationReplace">
							<xpath>/Defs/WorkGiverDef[defName="TakeToBedToOperate"]/priorityInType</xpath>
							<value>
								<priorityInType>20</priorityInType>
							</value>
						</li>
						<li Class="XmlExtensions.PatchOperationReplace">
							<xpath>/Defs/WorkGiverDef[defName="VisitSickPawn"]/priorityInType</xpath>
							<value>
								<priorityInType>10</priorityInType>
							</value>
						</li>
						
						<li Class="PatchOperationFindMod">
							<mods>
								<li>Dubs Bad Hygiene</li>
							</mods>
							<match Class="PatchOperationSequence">
								<operations>
									<li Class="XmlExtensions.PatchOperationReplace">
										<xpath>/Defs/WorkGiverDef[defName="DBHAdministerFluids"]/workType</xpath>
										<value>
											<workType>NQoL_Nurse</workType>
										</value>
									</li>
									<li Class="XmlExtensions.PatchOperationReplace">
										<xpath>/Defs/WorkGiverDef[defName="washPatient"]/workType</xpath>
										<value>
											<workType>NQoL_Nurse</workType>
										</value>
									</li>
									<li Class="XmlExtensions.PatchOperationReplace">
										<xpath>/Defs/WorkGiverDef[defName="DocCleanBedpan"]/workType</xpath>
										<value>
											<workType>NQoL_Nurse</workType>
										</value>
									</li>
									
									<li Class="XmlExtensions.PatchOperationReplace">
										<xpath>/Defs/WorkGiverDef[defName="DBHAdministerFluids"]/priorityInType</xpath>
										<value>
											<priorityInType>35</priorityInType>
										</value>
									</li>
									<li Class="XmlExtensions.PatchOperationReplace">
										<xpath>/Defs/WorkGiverDef[defName="washPatient"]/priorityInType</xpath>
										<value>
											<priorityInType>18</priorityInType>
										</value>
									</li>
									<li Class="XmlExtensions.PatchOperationReplace">
										<xpath>/Defs/WorkGiverDef[defName="DocCleanBedpan"]/priorityInType</xpath>
										<value>
											<priorityInType>12</priorityInType>
										</value>
									</li>
								</operations>
							</match>
						</li>
					</operations>
				</Operation>
			</caseTrue>
		</nomatch>
	</Operation>
</Patch>