<?xml version="1.0" encoding="utf-8"?>
<ModMetaData>
	<name>Niilo's QoL</name>
	<author>Niilo007</author>
	<packageId>Niilo007.NiilosQoL</packageId>
	<supportedVersions>
		<li>1.3</li>
	</supportedVersions>
	<description>
A collection of patches for different mods.

Included Patches:
- Created group for dirt and grass floors: "Tilled Soil", "Vanilla Furniture Expanded - Architect".
- Created group for asphalt floors: "Vanilla Furniture Expanded - Architect".
- Compatibility patch for: "Floored - Yellow and Striped Tiles Only [1.0+]", "Project RimFactory Revived".
- Created group for radios, "Vanilla Furniture Expanded".
- Created group for TVs.
- Group IEDs into a dropdown menu.
- Removes "Vanilla Plants Expanded" tilled soil if "Tilled Soil" is also active.
- Fixes issue with "Tilled Soil" and "Vanilla Expanded Architect" dirt compatibility.
- Defines mass for some vanilla and modded buildings.
- Sorted Architect tabs.
- Sorted Main buttons.

See full feature list: https://steamcommunity.com/workshop/filedetails/discussion/2633406344/3120424524443138171/
	</description>
	<modDependencies>
		<li>
			<packageId>imranfish.xmlextensions</packageId>
			<displayName>XML Extensions</displayName>
			<downloadUrl>https://github.com/15adhami/XmlExtensions/releases</downloadUrl>
			<steamWorkshopUrl>steam://url/CommunityFilePage/2574315206</steamWorkshopUrl>
		</li>
		<!--
		<li>
			<packageId>name.krypt.rimworld.moddiff</packageId>
			<displayName>ModDiff</displayName>
			<steamWorkshopUrl>steam://url/CommunityFilePage/2200054867</steamWorkshopUrl>
		</li>
		<li>
			<packageId>arandomkiwi.rimsaves</packageId>
			<displayName>RimSaves</displayName>
			<steamWorkshopUrl>steam://url/CommunityFilePage/1713367505</steamWorkshopUrl>
		</li>
		<li>
			<packageId>mlie.dingongameloaded</packageId>
			<displayName>Ding On Game Loaded</displayName>
			<steamWorkshopUrl>steam://url/CommunityFilePage/2425530959</steamWorkshopUrl>
		</li>-->
	</modDependencies>
	<loadAfter>
		<!-- Dependencies -->
	    <li>imranfish.xmlextensions</li>
		<!-- RimWorld -->
		<li>Ludeon.RimWorld</li>
        <li>Ludeon.RimWorld.Royalty</li>
        <li>Ludeon.RimWorld.Ideology</li>
		<!-- Vanilla Expanded -->
		<li>VanillaExpanded.VFECore</li>
		<li>VanillaExpanded.VFEFarming</li>
		<li>VanillaExpanded.VFESecurity</li>
		<li>VanillaExpanded.VFEArchitect</li>
		<li>VanillaExpanded.VPlantsE</li>
		<li>vanillaexpanded.vfespacer</li>
		<li>vanillaexpanded.vfemedical</li>
		<li>vanillaexpanded.vfeproduction</li>
		<li>oskarpotocki.vanillafactionsexpanded.medievalmodule</li>
		<li>vanillaexpanded.vfepower</li>
		<li>vanillaexpanded.vfefarming</li>
		<li>vanillaexpanded.vfepropsanddecor</li>
		<!-- Dubs Mods -->
		<li>dubwise.rimefeller</li>
		<li>dubwise.rimatomics</li>
		<li>dubwise.dubsbadhygiene</li>
		<li>dubwise.dubsperformanceanalyzer</li>
		<!-- Fluffy Mods -->
		<li>fluffy.colonymanager</li>
		<li>fluffy.pharmacist</li>
		<!-- Mlie Mods -->
		<li>mlie.drugresponse</li>
		<li>mlie.fireextinguisher</li>
		<li>Mlie.TropickappRainforestMod</li>
		<li>mlie.medicalsupplements</li>
		<li>mlie.omnicoredrill</li>
		<li>mlie.temperaturegauge</li>
		<li>mlie.roadsoftherim</li>
		<li>mlie.reclaimreuserecycle</li>
		<!-- Misc Mods -->
		<li>zzz.wallvitalsmonitor</li>
		<li>arandomkiwi.guardsforme</li>
		<li>gt.sam.tilledsoil</li>
		<li>essecoisa.flooredyasto</li>
		<li>spdskatr.projectrimfactory</li>
		<li>kentington.saveourship2</li>
		<li>cm.spotstabmod</li>
		<li>troopersmith1.lifesupport</li>
		<li>4loris4.morelinkables</li>
		<li>ratys.rtfuse</li>
		<li>pathavoid.kv.rw</li>
		<li>haplo.miscellaneous.robots</li>
		<li>roolo.whatthehack</li>
		<li>arandomkiwi.powerpp</li>
		<li>supes.autoseller.core</li>
		<li>malteschulze.rimmsqol</li>
		<li>pathogenxd.minifymore</li>
		<li>uuugggg.replacestuff</li>
		<li>merthsoft.timeofdayswitch</li>
		<li>linkolas.programmablevents</li>
		<li>spesscarp.commercialserver</li>
		<li>saakra.empire</li>
		<li>tradingspot.kv.rw</li>
		<li>smashphil.dropspot</li>
		<li>com.bymarcin.architecticons</li>
		<li>neceros.fuseplus</li>
		<li>owlchemist.undergroundpowerconduits</li>
		<li>jbloodthorn.nolazydoctors</li>
		<li>scherub.cyberfauna</li>
		<li>vat.epoeforked</li>
		<li>rah.rbse</li>
		<li>fs.reviarace</li>
		<li>darthsergeant.nursejob</li>
		<li>niilo007.niilomisc</li>
		<li>mario.qee</li>
		<li>Dark.Signs</li>
	</loadAfter>
	<loadBefore>
		<li>anon.cleanve</li> <!-- Removes a bunch of stuff causing my patches to fail, loading this mod after mine works fine -->
		<li>majorhoff.rimthreaded</li>
	</loadBefore>
	<incompatibleWith>
		<li>winterbloom.tspatch</li>
		<li>oreno.vplantse.notilledsoil</li>
	</incompatibleWith>
</ModMetaData>