<?xml version="1.0" encoding="utf-8"?>
<Defs>
<!--
  <RoadWorldLayerDef>
    <defName>Outline</defName>
    <order>0</order>
    <color>(0.1, 0.1, 0.1)</color> 
  </RoadWorldLayerDef>
 -->
  <RoadWorldLayerDef>
    <defName>DirtPath</defName> <!-- Default RGB 127, 102, 76 -->
    <order>100</order>
    <color>(1, 0.7, 0)</color> <!-- 255 * X = Color RGB Component --> 
  </RoadWorldLayerDef>
<!--
  <RoadWorldLayerDef>
    <defName>Dirt</defName> 
    <order>100</order>
    <color>(1, 1, 0)</color> 
  </RoadWorldLayerDef>

  <RoadWorldLayerDef>
    <defName>Stone</defName> 
    <order>200</order>
    <color>(0, 1, 0.4)</color> 
  </RoadWorldLayerDef>

  <RoadWorldLayerDef>
    <defName>Gravel</defName> 
    <order>300</order>
    <color>(0, 0.83, 1)</color> 
  </RoadWorldLayerDef>

  <RoadWorldLayerDef>
    <defName>Asphalt</defName> 
    <order>400</order>
    <color>(0.15, 0, 1)</color> 
  </RoadWorldLayerDef>
 -->
  <RoadWorldLayerDef>
    <defName>AsphaltHighway</defName> <!-- Default RGB 76, 76, 76 -->
    <order>400</order>
    <color>(0.76, 0, 1)</color> <!-- 255 * X = Color RGB Component -->
  </RoadWorldLayerDef>
  
</Defs>
