<?xml version="1.0" encoding="utf-8" ?>
<Defs>
	<StatDef>
		<defName>NQoL_Craft_Stone_Cutting_Speed_Def</defName>
		<label>stonecutting speed</label>
		<description>How fast this character cuts stone blocks.</description>
		<category>PawnWork</category>
		<defaultBaseValue>1</defaultBaseValue>
		<toStringStyle>PercentZero</toStringStyle>
		<statFactors>
			<li>WorkSpeedGlobal</li>
		</statFactors>
		<capacityFactors>
			<li>
				<capacity>Sight</capacity> <!-- sight better than 100% wont speed up production -->
				<weight>0.4</weight>
				<max>1</max>
			</li>
			<li>
				<capacity>Manipulation</capacity> <!-- Cant make blocks without hands -->
				<weight>1</weight>
			</li>
		</capacityFactors><!--
		<capacityOffsets>
			<li>
				<capacity>Sight</capacity>
				<scale>4</scale>
				<max>1.5</max>
			</li>
			<li>
				<capacity>Manipulation</capacity>
				<scale>16</scale>
				<max>1.5</max>
			</li>
		</capacityOffsets>-->
		<skillNeedFactors>
			<li Class="SkillNeed_BaseBonus"> <!-- if i undertand this correctly, level 20 pawn will cut at 2x the speed | level 0 at 0.8-->
				<skill>Crafting</skill>
				<baseValue>0.8</baseValue> 
				<bonusPerLevel>0.06</bonusPerLevel>
			</li>
		</skillNeedFactors>
	</StatDef>
</Defs>