<?xml version="1.0" encoding="utf-8"?>
<Defs>
<!--
	<XmlExtensions.PatchDef Name="Render_Tree_Layer_Patch" Abstract="True">
		<parameters>
		</parameters>
		<apply>
			<Operation Class="XmlExtensions.OptionalPatch">
				<modId>NiilosQoL</modId>
				<key>NiilosQoL_Settings_Render_Trees_Above_Stuff</key>
				<defaultValue>false</defaultValue>
				<caseTrue> 
					<Operation Class="XmlExtensions.PatchOperationReplace">
						<xpath>Defs/ThingDef[@Name="TreeBase"]/altitudeLayer</xpath>
							<value>
								<altitudeLayer>Pawn</altitudeLayer>
							</value>
					</Operation>
				</caseTrue> 
			</Operation>
			
			<Operation Class="PatchOperationAdd">
				<xpath>Defs/XmlExtensions.SettingsMenuDef[modId="NiilosQoL"]/postCloseActions</xpath>
				<value>
					<li Class="XmlExtensions.Action.ApplyOperations">
						<apply>
							<Operation Class="XmlExtensions.OptionalPatch">
								<modId>NiilosQoL</modId>
								<key>NiilosQoL_Settings_Render_Trees_Above_Stuff</key>
								<defaultValue>false</defaultValue>
								<caseTrue> 
									<Operation Class="XmlExtensions.PatchOperationReplace">
										<xpath>Defs/ThingDef[@Name="TreeBase"]/altitudeLayer</xpath>
											<value>
												<altitudeLayer>Pawn</altitudeLayer>
											</value>
									</Operation>
								</caseTrue> 
							</Operation>
						</apply>
					</li>
				</value>
			</Operation>
		</apply>
	</XmlExtensions.PatchDef>
-->
</Defs>